Timestamp_Epoch,Trial,Mode,Commanded_Speed,Stage,Middle_Angle,Middle_Force_g,Middle_Force_N
1772329664.589908,speed_1000,speed,1000,open,997,25,25.0000
1772329664.612316,speed_1000,speed,1000,open,997,25,25.0000
1772329664.637100,speed_1000,speed,1000,open,997,25,25.0000
1772329664.659570,speed_1000,speed,1000,open,997,25,25.0000
1772329664.682009,speed_1000,speed,1000,open,997,25,25.0000
1772329664.704394,speed_1000,speed,1000,open,997,25,25.0000
1772329664.726916,speed_1000,speed,1000,open,997,25,25.0000
1772329664.749370,speed_1000,speed,1000,open,997,25,25.0000
1772329664.771828,speed_1000,speed,1000,open,997,25,25.0000
1772329664.794305,speed_1000,speed,1000,open,997,25,25.0000
1772329664.816806,speed_1000,speed,1000,open,997,25,25.0000
1772329664.839224,speed_1000,speed,1000,open,997,25,25.0000
1772329664.861541,speed_1000,speed,1000,open,997,25,25.0000
1772329664.884064,speed_1000,speed,1000,open,997,25,25.0000
1772329664.906390,speed_1000,speed,1000,open,997,25,25.0000
1772329664.928910,speed_1000,speed,1000,open,997,25,25.0000
1772329664.951404,speed_1000,speed,1000,open,997,25,25.0000
1772329664.973896,speed_1000,speed,1000,open,997,25,25.0000
1772329664.996297,speed_1000,speed,1000,open,997,25,25.0000
1772329665.018667,speed_1000,speed,1000,open,997,25,25.0000
1772329665.041271,speed_1000,speed,1000,open,997,25,25.0000
1772329665.063753,speed_1000,speed,1000,open,997,25,25.0000
1772329665.086195,speed_1000,speed,1000,open,997,25,25.0000
1772329667.131384,speed_1000,speed,1000,contact,997,25,25.0000
1772329667.169635,speed_1000,speed,1000,contact,997,25,25.0000
1772329667.194491,speed_1000,speed,1000,contact,951,23,23.0000
1772329667.219178,speed_1000,speed,1000,contact,871,23,23.0000
1772329667.243723,speed_1000,speed,1000,contact,826,22,22.0000
1772329667.268395,speed_1000,speed,1000,contact,787,23,23.0000
1772329667.293233,speed_1000,speed,1000,contact,757,82,82.0000
1772329667.317822,speed_1000,speed,1000,contact,750,295,295.0000
1772329667.342371,speed_1000,speed,1000,contact,750,382,382.0000
1772329667.367112,speed_1000,speed,1000,contact,750,459,459.0000
1772329667.391756,speed_1000,speed,1000,contact,750,526,526.0000
1772329667.416290,speed_1000,speed,1000,contact,750,634,634.0000
1772329667.440934,speed_1000,speed,1000,contact,748,678,678.0000
1772329667.465559,speed_1000,speed,1000,contact,748,717,717.0000
1772329667.490248,speed_1000,speed,1000,contact,748,751,751.0000
1772329667.514814,speed_1000,speed,1000,contact,748,806,806.0000
1772329667.539438,speed_1000,speed,1000,contact,748,829,829.0000
1772329667.564202,speed_1000,speed,1000,contact,748,850,850.0000
1772329667.588863,speed_1000,speed,1000,contact,748,868,868.0000
1772329667.613580,speed_1000,speed,1000,contact,748,900,900.0000
1772329667.638263,speed_1000,speed,1000,contact,748,912,912.0000
1772329667.662941,speed_1000,speed,1000,contact,748,925,925.0000
1772329667.687387,speed_1000,speed,1000,contact,748,935,935.0000
1772329667.712158,speed_1000,speed,1000,contact,748,944,944.0000
1772329667.736820,speed_1000,speed,1000,contact,748,959,959.0000
1772329667.761490,speed_1000,speed,1000,contact,748,964,964.0000
1772329667.786111,speed_1000,speed,1000,contact,748,970,970.0000
1772329667.810767,speed_1000,speed,1000,contact,748,975,975.0000
1772329667.835348,speed_1000,speed,1000,contact,748,981,981.0000
1772329667.860094,speed_1000,speed,1000,contact,748,984,984.0000
1772329667.884547,speed_1000,speed,1000,contact,748,986,986.0000
1772329667.909097,speed_1000,speed,1000,contact,748,988,988.0000
1772329667.933815,speed_1000,speed,1000,contact,748,992,992.0000
1772329667.958354,speed_1000,speed,1000,contact,748,993,993.0000
1772329667.982933,speed_1000,speed,1000,contact,748,994,994.0000
1772329668.007516,speed_1000,speed,1000,contact,748,995,995.0000
1772329668.032273,speed_1000,speed,1000,contact,748,995,995.0000
1772329668.056899,speed_1000,speed,1000,contact,748,996,996.0000
1772329668.081428,speed_1000,speed,1000,contact,748,997,997.0000
1772329668.106081,speed_1000,speed,1000,contact,748,997,997.0000
1772329668.130832,speed_1000,speed,1000,contact,748,997,997.0000
1772329668.155415,speed_1000,speed,1000,contact,748,997,997.0000
1772329668.180271,speed_1000,speed,1000,contact,748,997,997.0000
1772329668.204858,speed_1000,speed,1000,contact,748,997,997.0000
1772329668.229454,speed_1000,speed,1000,contact,748,997,997.0000
1772329668.254189,speed_1000,speed,1000,contact,748,997,997.0000
1772329668.278951,speed_1000,speed,1000,contact,748,997,997.0000
1772329668.303377,speed_1000,speed,1000,contact,748,997,997.0000
1772329668.328261,speed_1000,speed,1000,contact,748,997,997.0000
1772329668.352822,speed_1000,speed,1000,contact,748,997,997.0000
1772329668.377586,speed_1000,speed,1000,contact,748,997,997.0000
1772329668.402185,speed_1000,speed,1000,contact,748,997,997.0000
1772329668.426704,speed_1000,speed,1000,contact,748,997,997.0000
1772329668.451537,speed_1000,speed,1000,contact,748,997,997.0000
1772329668.476150,speed_1000,speed,1000,contact,748,997,997.0000
1772329668.500652,speed_1000,speed,1000,contact,748,997,997.0000
1772329668.525311,speed_500,speed,1000,open,748,997,997.0000
1772329668.562312,speed_500,speed,1000,open,748,997,997.0000
1772329668.584718,speed_500,speed,1000,open,758,978,978.0000
1772329668.607310,speed_500,speed,1000,open,782,871,871.0000
1772329668.629780,speed_500,speed,1000,open,824,767,767.0000
1772329668.652210,speed_500,speed,1000,open,865,676,676.0000
1772329668.674462,speed_500,speed,1000,open,911,596,596.0000
1772329668.697050,speed_500,speed,1000,open,950,465,465.0000
1772329668.719387,speed_500,speed,1000,open,998,410,410.0000
1772329668.741773,speed_500,speed,1000,open,998,361,361.0000
1772329668.764194,speed_500,speed,1000,open,997,319,319.0000
1772329668.786603,speed_500,speed,1000,open,998,281,281.0000
1772329668.808985,speed_500,speed,1000,open,998,248,248.0000
1772329668.831432,speed_500,speed,1000,open,998,220,220.0000
1772329668.853944,speed_500,speed,1000,open,998,195,195.0000
1772329668.876318,speed_500,speed,1000,open,998,154,154.0000
1772329668.898804,speed_500,speed,1000,open,997,138,138.0000
1772329668.921253,speed_500,speed,1000,open,998,123,123.0000
1772329668.943705,speed_500,speed,1000,open,998,111,111.0000
1772329668.966270,speed_500,speed,1000,open,998,100,100.0000
1772329668.988689,speed_500,speed,1000,open,998,90,90.0000
1772329669.011276,speed_500,speed,1000,open,998,82,82.0000
1772329671.058086,speed_500,speed,500,contact,998,27,27.0000
1772329671.095215,speed_500,speed,500,contact,998,27,27.0000
1772329671.119864,speed_500,speed,500,contact,997,27,27.0000
1772329671.144595,speed_500,speed,500,contact,966,27,27.0000
1772329671.169395,speed_500,speed,500,contact,941,28,28.0000
1772329671.194227,speed_500,speed,500,contact,914,29,29.0000
1772329671.218830,speed_500,speed,500,contact,856,29,29.0000
1772329671.243474,speed_500,speed,500,contact,826,29,29.0000
1772329671.268314,speed_500,speed,500,contact,796,29,29.0000
1772329671.292836,speed_500,speed,500,contact,769,117,117.0000
1772329671.317520,speed_500,speed,500,contact,757,196,196.0000
1772329671.342357,speed_500,speed,500,contact,757,264,264.0000
1772329671.366884,speed_500,speed,500,contact,757,325,325.0000
1772329671.391550,speed_500,speed,500,contact,757,377,377.0000
1772329671.416080,speed_500,speed,500,contact,752,495,495.0000
1772329671.440474,speed_500,speed,500,contact,752,546,546.0000
1772329671.465355,speed_500,speed,500,contact,752,590,590.0000
1772329671.489936,speed_500,speed,500,contact,752,629,629.0000
1772329671.514486,speed_500,speed,500,contact,751,693,693.0000
1772329671.539239,speed_500,speed,500,contact,751,718,718.0000
1772329671.564016,speed_500,speed,500,contact,751,740,740.0000
1772329671.588474,speed_500,speed,500,contact,751,761,761.0000
1772329671.613431,speed_500,speed,500,contact,751,795,795.0000
1772329671.638120,speed_500,speed,500,contact,752,810,810.0000
1772329671.662707,speed_500,speed,500,contact,751,822,822.0000
1772329671.687449,speed_500,speed,500,contact,751,834,834.0000
1772329671.712312,speed_500,speed,500,contact,751,853,853.0000
1772329671.736774,speed_500,speed,500,contact,751,860,860.0000
1772329671.761413,speed_500,speed,500,contact,752,865,865.0000
1772329671.786090,speed_500,speed,500,contact,752,871,871.0000
1772329671.810834,speed_500,speed,500,contact,752,877,877.0000
1772329671.835618,speed_500,speed,500,contact,752,885,885.0000
1772329671.860306,speed_500,speed,500,contact,751,888,888.0000
1772329671.884811,speed_500,speed,500,contact,751,890,890.0000
1772329671.909587,speed_500,speed,500,contact,751,893,893.0000
1772329671.934379,speed_500,speed,500,contact,752,896,896.0000
1772329671.959191,speed_500,speed,500,contact,751,897,897.0000
1772329671.983949,speed_500,speed,500,contact,751,898,898.0000
1772329672.008504,speed_500,speed,500,contact,751,900,900.0000
1772329672.033276,speed_500,speed,500,contact,751,902,902.0000
1772329672.057752,speed_500,speed,500,contact,751,903,903.0000
1772329672.082450,speed_500,speed,500,contact,751,904,904.0000
1772329672.107338,speed_500,speed,500,contact,751,905,905.0000
1772329672.132224,speed_500,speed,500,contact,751,905,905.0000
1772329672.156894,speed_500,speed,500,contact,751,905,905.0000
1772329672.181589,speed_500,speed,500,contact,751,905,905.0000
1772329672.206349,speed_500,speed,500,contact,751,905,905.0000
1772329672.230995,speed_500,speed,500,contact,751,905,905.0000
1772329672.255745,speed_500,speed,500,contact,752,905,905.0000
1772329672.280504,speed_500,speed,500,contact,751,905,905.0000
1772329672.305128,speed_500,speed,500,contact,751,905,905.0000
1772329672.329828,speed_500,speed,500,contact,751,905,905.0000
1772329672.354388,speed_500,speed,500,contact,751,905,905.0000
1772329672.379177,speed_500,speed,500,contact,751,905,905.0000
1772329672.403826,speed_500,speed,500,contact,751,905,905.0000
1772329672.428493,speed_500,speed,500,contact,751,905,905.0000
1772329672.453180,speed_500,speed,500,contact,751,905,905.0000
1772329672.477841,speed_500,speed,500,contact,751,905,905.0000
1772329672.502381,speed_500,speed,500,contact,751,905,905.0000
1772329672.527139,speed_500,speed,500,contact,751,905,905.0000
1772329672.551806,speed_500,speed,500,contact,751,905,905.0000
1772329672.576587,speed_500,speed,500,contact,751,905,905.0000
1772329672.601391,speed_250,speed,1000,open,751,905,905.0000
1772329672.638308,speed_250,speed,1000,open,751,905,905.0000
1772329672.660712,speed_250,speed,1000,open,757,895,895.0000
1772329672.683131,speed_250,speed,1000,open,781,800,800.0000
1772329672.705462,speed_250,speed,1000,open,823,704,704.0000
1772329672.728010,speed_250,speed,1000,open,863,620,620.0000
1772329672.750517,speed_250,speed,1000,open,909,548,548.0000
1772329672.772903,speed_250,speed,1000,open,949,484,484.0000
1772329672.795503,speed_250,speed,1000,open,993,378,378.0000
1772329672.818089,speed_250,speed,1000,open,997,334,334.0000
1772329672.840574,speed_250,speed,1000,open,997,295,295.0000
1772329672.863021,speed_250,speed,1000,open,997,261,261.0000
1772329672.885560,speed_250,speed,1000,open,997,231,231.0000
1772329672.908039,speed_250,speed,1000,open,997,205,205.0000
1772329672.930377,speed_250,speed,1000,open,997,182,182.0000
1772329672.952765,speed_250,speed,1000,open,997,162,162.0000
1772329672.975314,speed_250,speed,1000,open,997,130,130.0000
1772329672.997736,speed_250,speed,1000,open,997,117,117.0000
1772329673.020308,speed_250,speed,1000,open,997,105,105.0000
1772329673.042670,speed_250,speed,1000,open,997,95,95.0000
1772329673.065179,speed_250,speed,1000,open,997,86,86.0000
1772329673.087641,speed_250,speed,1000,open,997,78,78.0000
1772329675.112096,speed_250,speed,250,contact,997,27,27.0000
1772329675.134696,speed_250,speed,250,contact,997,27,27.0000
1772329675.171603,speed_250,speed,250,contact,997,27,27.0000
1772329675.196390,speed_250,speed,250,contact,997,27,27.0000
1772329675.221264,speed_250,speed,250,contact,983,27,27.0000
1772329675.246022,speed_250,speed,250,contact,965,28,28.0000
1772329675.270507,speed_250,speed,250,contact,951,31,31.0000
1772329675.295307,speed_250,speed,250,contact,924,31,31.0000
1772329675.319901,speed_250,speed,250,contact,909,31,31.0000
1772329675.344636,speed_250,speed,250,contact,896,31,31.0000
1772329675.369274,speed_250,speed,250,contact,883,32,32.0000
1772329675.394003,speed_250,speed,250,contact,853,32,32.0000
1772329675.418665,speed_250,speed,250,contact,842,32,32.0000
1772329675.443303,speed_250,speed,250,contact,826,32,32.0000
1772329675.468013,speed_250,speed,250,contact,815,34,34.0000
1772329675.492713,speed_250,speed,250,contact,800,34,34.0000
1772329675.517358,speed_250,speed,250,contact,772,45,45.0000
1772329675.542315,speed_250,speed,250,contact,768,81,81.0000
1772329675.566850,speed_250,speed,250,contact,763,131,131.0000
1772329675.591465,speed_250,speed,250,contact,759,251,251.0000
1772329675.616280,speed_250,speed,250,contact,758,302,302.0000
1772329675.640995,speed_250,speed,250,contact,759,346,346.0000
1772329675.665607,speed_250,speed,250,contact,759,385,385.0000
1772329675.690513,speed_250,speed,250,contact,759,461,461.0000
1772329675.715268,speed_250,speed,250,contact,752,518,518.0000
1772329675.739795,speed_250,speed,250,contact,751,568,568.0000
1772329675.764377,speed_250,speed,250,contact,751,611,611.0000
1772329675.789105,speed_250,speed,250,contact,751,648,648.0000
1772329675.813824,speed_250,speed,250,contact,751,709,709.0000
1772329675.838380,speed_250,speed,250,contact,751,732,732.0000
1772329675.863183,speed_250,speed,250,contact,751,754,754.0000
1772329675.887825,speed_250,speed,250,contact,751,773,773.0000
1772329675.912585,speed_250,speed,250,contact,751,807,807.0000
1772329675.937317,speed_250,speed,250,contact,751,822,822.0000
1772329675.962114,speed_250,speed,250,contact,751,835,835.0000
1772329675.986741,speed_250,speed,250,contact,751,846,846.0000
1772329676.011370,speed_250,speed,250,contact,751,863,863.0000
1772329676.036047,speed_250,speed,250,contact,751,870,870.0000
1772329676.060755,speed_250,speed,250,contact,751,876,876.0000
1772329676.085381,speed_250,speed,250,contact,751,881,881.0000
1772329676.110192,speed_250,speed,250,contact,751,890,890.0000
1772329676.134841,speed_250,speed,250,contact,751,894,894.0000
1772329676.159586,speed_250,speed,250,contact,751,897,897.0000
1772329676.184403,speed_250,speed,250,contact,751,900,900.0000
1772329676.209268,speed_250,speed,250,contact,751,904,904.0000
1772329676.233972,speed_250,speed,250,contact,751,905,905.0000
1772329676.258690,speed_250,speed,250,contact,751,906,906.0000
1772329676.283339,speed_250,speed,250,contact,751,907,907.0000
1772329676.308008,speed_250,speed,250,contact,751,909,909.0000
1772329676.332709,speed_250,speed,250,contact,751,911,911.0000
1772329676.357614,speed_250,speed,250,contact,751,912,912.0000
1772329676.382396,speed_250,speed,250,contact,751,912,912.0000
1772329676.407133,speed_250,speed,250,contact,751,912,912.0000
1772329676.431900,speed_250,speed,250,contact,751,912,912.0000
1772329676.456422,speed_250,speed,250,contact,751,912,912.0000
1772329676.481022,speed_250,speed,250,contact,751,912,912.0000
1772329676.505806,speed_250,speed,250,contact,751,912,912.0000
1772329676.530481,speed_250,speed,250,contact,751,912,912.0000
1772329676.555316,speed_250,speed,250,contact,751,912,912.0000
1772329676.579913,speed_250,speed,250,contact,751,912,912.0000
1772329676.604467,speed_250,speed,250,contact,751,912,912.0000
1772329676.629226,speed_250,speed,250,contact,751,912,912.0000
1772329676.654002,speed_250,speed,250,contact,751,912,912.0000
1772329676.678438,speed_250,speed,250,contact,751,912,912.0000
1772329676.703178,speed_250,speed,250,contact,751,912,912.0000
1772329676.727939,speed_250,speed,250,contact,751,912,912.0000
1772329676.752635,speed_250,speed,250,contact,751,912,912.0000
1772329676.777594,speed_250,speed,250,contact,751,912,912.0000
1772329676.802318,speed_250,speed,250,contact,751,912,912.0000
1772329676.826931,speed_250,speed,250,contact,751,912,912.0000
1772329676.851472,speed_100,speed,1000,open,751,912,912.0000
1772329676.888432,speed_100,speed,1000,open,751,912,912.0000
1772329676.910915,speed_100,speed,1000,open,757,901,901.0000
1772329676.933233,speed_100,speed,1000,open,780,707,707.0000
1772329676.955593,speed_100,speed,1000,open,863,623,623.0000
1772329676.978181,speed_100,speed,1000,open,909,551,551.0000
1772329677.000470,speed_100,speed,1000,open,948,486,486.0000
1772329677.022981,speed_100,speed,1000,open,992,431,431.0000
1772329677.045383,speed_100,speed,1000,open,997,380,380.0000
1772329677.067922,speed_100,speed,1000,open,997,335,335.0000
1772329677.090382,speed_100,speed,1000,open,997,295,295.0000
1772329677.112852,speed_100,speed,1000,open,997,231,231.0000
1772329677.135314,speed_100,speed,1000,open,997,205,205.0000
1772329677.157713,speed_100,speed,1000,open,997,182,182.0000
1772329677.180306,speed_100,speed,1000,open,997,162,162.0000
1772329677.202735,speed_100,speed,1000,open,997,145,145.0000
1772329677.225238,speed_100,speed,1000,open,997,129,129.0000
1772329677.247593,speed_100,speed,1000,open,997,115,115.0000
1772329677.270077,speed_100,speed,1000,open,997,104,104.0000
1772329677.292695,speed_100,speed,1000,open,997,85,85.0000
1772329677.315165,speed_100,speed,1000,open,997,77,77.0000
1772329677.337481,speed_100,speed,1000,open,997,70,70.0000
1772329679.384057,speed_100,speed,100,contact,997,26,26.0000
1772329679.421376,speed_100,speed,100,contact,997,26,26.0000
1772329679.446124,speed_100,speed,100,contact,997,26,26.0000
1772329679.470818,speed_100,speed,100,contact,997,26,26.0000
1772329679.495386,speed_100,speed,100,contact,983,27,27.0000
1772329679.520132,speed_100,speed,100,contact,975,28,28.0000
1772329679.544786,speed_100,speed,100,contact,972,30,30.0000
1772329679.569382,speed_100,speed,100,contact,965,31,31.0000
1772329679.594310,speed_100,speed,100,contact,956,32,32.0000
1772329679.618776,speed_100,speed,100,contact,951,34,34.0000
1772329679.643396,speed_100,speed,100,contact,944,34,34.0000
1772329679.668306,speed_100,speed,100,contact,940,36,36.0000
1772329679.692689,speed_100,speed,100,contact,928,36,36.0000
1772329679.717333,speed_100,speed,100,contact,921,37,37.0000
1772329679.742113,speed_100,speed,100,contact,916,38,38.0000
1772329679.766725,speed_100,speed,100,contact,910,38,38.0000
1772329679.791269,speed_100,speed,100,contact,906,40,40.0000
1772329679.815796,speed_100,speed,100,contact,896,39,39.0000
1772329679.840388,speed_100,speed,100,contact,891,40,40.0000
1772329679.865164,speed_100,speed,100,contact,883,40,40.0000
1772329679.889777,speed_100,speed,100,contact,878,40,40.0000
1772329679.914429,speed_100,speed,100,contact,868,42,42.0000
1772329679.939222,speed_100,speed,100,contact,859,40,40.0000
1772329679.963804,speed_100,speed,100,contact,856,40,40.0000
1772329679.988388,speed_100,speed,100,contact,851,40,40.0000
1772329680.013219,speed_100,speed,100,contact,841,40,40.0000
1772329680.037805,speed_100,speed,100,contact,833,40,40.0000
1772329680.062418,speed_100,speed,100,contact,829,40,40.0000
1772329680.087157,speed_100,speed,100,contact,823,40,40.0000
1772329680.111629,speed_100,speed,100,contact,811,40,40.0000
1772329680.136367,speed_100,speed,100,contact,806,42,42.0000
1772329680.161083,speed_100,speed,100,contact,801,42,42.0000
1772329680.185822,speed_100,speed,100,contact,794,42,42.0000
1772329680.210694,speed_100,speed,100,contact,789,43,43.0000
1772329680.235374,speed_100,speed,100,contact,779,44,44.0000
1772329680.260139,speed_100,speed,100,contact,775,54,54.0000
1772329680.284703,speed_100,speed,100,contact,774,65,65.0000
1772329680.309492,speed_100,speed,100,contact,772,109,109.0000
1772329680.334289,speed_100,speed,100,contact,768,140,140.0000
1772329680.358955,speed_100,speed,100,contact,767,176,176.0000
1772329680.383522,speed_100,speed,100,contact,764,214,214.0000
1772329680.408225,speed_100,speed,100,contact,762,297,297.0000
1772329680.432719,speed_100,speed,100,contact,758,344,344.0000
1772329680.457386,speed_100,speed,100,contact,758,389,389.0000
1772329680.481992,speed_100,speed,100,contact,758,428,428.0000
1772329680.506473,speed_100,speed,100,contact,758,462,462.0000
1772329680.531196,speed_100,speed,100,contact,758,517,517.0000
1772329680.555796,speed_100,speed,100,contact,758,539,539.0000
1772329680.580378,speed_100,speed,100,contact,753,576,576.0000
1772329680.605111,speed_100,speed,100,contact,754,604,604.0000
1772329680.629788,speed_100,speed,100,contact,754,653,653.0000
1772329680.654379,speed_100,speed,100,contact,754,672,672.0000
1772329680.679056,speed_100,speed,100,contact,754,689,689.0000
1772329680.703810,speed_100,speed,100,contact,754,705,705.0000
1772329680.728396,speed_100,speed,100,contact,754,730,730.0000
1772329680.753078,speed_100,speed,100,contact,754,740,740.0000
1772329680.777808,speed_100,speed,100,contact,754,750,750.0000
1772329680.802463,speed_100,speed,100,contact,754,757,757.0000
1772329680.827212,speed_100,speed,100,contact,754,770,770.0000
1772329680.851670,speed_100,speed,100,contact,754,776,776.0000
1772329680.876305,speed_100,speed,100,contact,754,780,780.0000
1772329680.901031,speed_100,speed,100,contact,754,785,785.0000
1772329680.925479,speed_100,speed,100,contact,754,788,788.0000
1772329680.950307,speed_100,speed,100,contact,754,793,793.0000
1772329680.974949,speed_100,speed,100,contact,754,795,795.0000
1772329680.999650,speed_100,speed,100,contact,754,797,797.0000
1772329681.024284,speed_100,speed,100,contact,754,798,798.0000
1772329681.048891,speed_100,speed,100,contact,754,801,801.0000
1772329681.073377,speed_100,speed,100,contact,754,802,802.0000
1772329681.098209,speed_100,speed,100,contact,754,803,803.0000
1772329681.122781,speed_100,speed,100,contact,754,804,804.0000
1772329681.147407,speed_100,speed,100,contact,754,805,805.0000
1772329681.172193,speed_100,speed,100,contact,754,805,805.0000
1772329681.196779,speed_100,speed,100,contact,754,805,805.0000
1772329681.221499,speed_100,speed,100,contact,754,805,805.0000
1772329681.246105,speed_100,speed,100,contact,754,805,805.0000
1772329681.270614,speed_100,speed,100,contact,754,805,805.0000
1772329681.295385,speed_100,speed,100,contact,754,805,805.0000
1772329681.320314,speed_100,speed,100,contact,754,805,805.0000
1772329681.344997,speed_100,speed,100,contact,754,805,805.0000
1772329681.369611,speed_100,speed,100,contact,754,805,805.0000
1772329681.394311,speed_100,speed,100,contact,754,805,805.0000
1772329681.418809,speed_100,speed,100,contact,754,805,805.0000
1772329681.443294,speed_100,speed,100,contact,754,805,805.0000
1772329681.468035,speed_100,speed,100,contact,754,805,805.0000
1772329681.492681,speed_100,speed,100,contact,754,805,805.0000
1772329681.517329,speed_100,speed,100,contact,754,805,805.0000
1772329681.541816,speed_100,speed,100,contact,754,805,805.0000
1772329681.566314,speed_100,speed,100,contact,754,805,805.0000
1772329681.590987,speed_100,speed,100,contact,754,805,805.0000
1772329681.615656,speed_100,speed,100,contact,754,805,805.0000
1772329681.640307,speed_50,speed,1000,open,754,805,805.0000
1772329681.664765,speed_50,speed,1000,open,754,805,805.0000
1772329681.689492,speed_50,speed,1000,open,754,795,795.0000
1772329681.712027,speed_50,speed,1000,open,761,707,707.0000
1772329681.734387,speed_50,speed,1000,open,823,623,623.0000
1772329681.756845,speed_50,speed,1000,open,868,551,551.0000
1772329681.779221,speed_50,speed,1000,open,913,486,486.0000
1772329681.801474,speed_50,speed,1000,open,953,430,430.0000
1772329681.823900,speed_50,speed,1000,open,995,381,381.0000
1772329681.846412,speed_50,speed,1000,open,997,336,336.0000
1772329681.868801,speed_50,speed,1000,open,996,262,262.0000
1772329681.891244,speed_50,speed,1000,open,997,231,231.0000
1772329681.913550,speed_50,speed,1000,open,997,205,205.0000
1772329681.936061,speed_50,speed,1000,open,997,182,182.0000
1772329681.958422,speed_50,speed,1000,open,997,162,162.0000
1772329681.980791,speed_50,speed,1000,open,997,144,144.0000
1772329682.003307,speed_50,speed,1000,open,997,128,128.0000
1772329682.025781,speed_50,speed,1000,open,996,114,114.0000
1772329682.048307,speed_50,speed,1000,open,996,103,103.0000
1772329682.070662,speed_50,speed,1000,open,997,84,84.0000
1772329682.093200,speed_50,speed,1000,open,997,76,76.0000
1772329682.115555,speed_50,speed,1000,open,997,69,69.0000
1772329682.138065,speed_50,speed,1000,open,997,63,63.0000
1772329684.185221,speed_50,speed,50,contact,997,25,25.0000
1772329684.222087,speed_50,speed,50,contact,997,25,25.0000
1772329684.246470,speed_50,speed,50,contact,997,25,25.0000
1772329684.271314,speed_50,speed,50,contact,997,25,25.0000
1772329684.295937,speed_50,speed,50,contact,997,25,25.0000
1772329684.320506,speed_50,speed,50,contact,992,25,25.0000
1772329684.345297,speed_50,speed,50,contact,989,28,28.0000
1772329684.370005,speed_50,speed,50,contact,982,28,28.0000
1772329684.394559,speed_50,speed,50,contact,978,29,29.0000
1772329684.419202,speed_50,speed,50,contact,978,30,30.0000
1772329684.444017,speed_50,speed,50,contact,975,31,31.0000
1772329684.468703,speed_50,speed,50,contact,972,34,34.0000
1772329684.493273,speed_50,speed,50,contact,965,34,34.0000
1772329684.517952,speed_50,speed,50,contact,964,35,35.0000
1772329684.542464,speed_50,speed,50,contact,960,36,36.0000
1772329684.567308,speed_50,speed,50,contact,957,38,38.0000
1772329684.591648,speed_50,speed,50,contact,952,39,39.0000
1772329684.616314,speed_50,speed,50,contact,948,38,38.0000
1772329684.641016,speed_50,speed,50,contact,945,38,38.0000
1772329684.665694,speed_50,speed,50,contact,944,39,39.0000
1772329684.690284,speed_50,speed,50,contact,939,39,39.0000
1772329684.714864,speed_50,speed,50,contact,934,39,39.0000
1772329684.739388,speed_50,speed,50,contact,933,40,40.0000
1772329684.764198,speed_50,speed,50,contact,930,39,39.0000
1772329684.788805,speed_50,speed,50,contact,925,39,39.0000
1772329684.813417,speed_50,speed,50,contact,921,40,40.0000
1772329684.838267,speed_50,speed,50,contact,918,40,40.0000
1772329684.862936,speed_50,speed,50,contact,915,39,39.0000
1772329684.887622,speed_50,speed,50,contact,912,39,39.0000
1772329684.912260,speed_50,speed,50,contact,909,40,40.0000
1772329684.937020,speed_50,speed,50,contact,905,40,40.0000
1772329684.961825,speed_50,speed,50,contact,901,40,40.0000
1772329684.986392,speed_50,speed,50,contact,900,39,39.0000
1772329685.011314,speed_50,speed,50,contact,893,39,39.0000
1772329685.035794,speed_50,speed,50,contact,891,39,39.0000
1772329685.060466,speed_50,speed,50,contact,888,40,40.0000
1772329685.085316,speed_50,speed,50,contact,883,40,40.0000
1772329685.109890,speed_50,speed,50,contact,880,40,40.0000
1772329685.134558,speed_50,speed,50,contact,876,40,40.0000
1772329685.159220,speed_50,speed,50,contact,873,40,40.0000
1772329685.183944,speed_50,speed,50,contact,871,40,40.0000
1772329685.208696,speed_50,speed,50,contact,869,40,40.0000
1772329685.233289,speed_50,speed,50,contact,861,39,39.0000
1772329685.257881,speed_50,speed,50,contact,859,39,39.0000
1772329685.282478,speed_50,speed,50,contact,858,40,40.0000
1772329685.307319,speed_50,speed,50,contact,854,40,40.0000
1772329685.331939,speed_50,speed,50,contact,851,42,42.0000
1772329685.356493,speed_50,speed,50,contact,846,40,40.0000
1772329685.381214,speed_50,speed,50,contact,844,40,40.0000
1772329685.405967,speed_50,speed,50,contact,843,42,42.0000
1772329685.430665,speed_50,speed,50,contact,835,42,42.0000
1772329685.455358,speed_50,speed,50,contact,832,42,42.0000
1772329685.480037,speed_50,speed,50,contact,829,40,40.0000
1772329685.504633,speed_50,speed,50,contact,828,40,40.0000
1772329685.529307,speed_50,speed,50,contact,822,40,40.0000
1772329685.554041,speed_50,speed,50,contact,820,42,42.0000
1772329685.578790,speed_50,speed,50,contact,817,42,42.0000
1772329685.603409,speed_50,speed,50,contact,811,40,40.0000
1772329685.628153,speed_50,speed,50,contact,809,42,42.0000
1772329685.652926,speed_50,speed,50,contact,806,42,42.0000
1772329685.677829,speed_50,speed,50,contact,802,42,42.0000
1772329685.702424,speed_50,speed,50,contact,800,42,42.0000
1772329685.727229,speed_50,speed,50,contact,796,42,42.0000
1772329685.751816,speed_50,speed,50,contact,793,42,42.0000
1772329685.776414,speed_50,speed,50,contact,789,42,42.0000
1772329685.801320,speed_50,speed,50,contact,787,42,42.0000
1772329685.826011,speed_50,speed,50,contact,784,44,44.0000
1772329685.850753,speed_50,speed,50,contact,779,46,46.0000
1772329685.875314,speed_50,speed,50,contact,777,52,52.0000
1772329685.899917,speed_50,speed,50,contact,777,60,60.0000
1772329685.924619,speed_50,speed,50,contact,775,79,79.0000
1772329685.949333,speed_50,speed,50,contact,774,90,90.0000
1772329685.974021,speed_50,speed,50,contact,772,105,105.0000
1772329685.998934,speed_50,speed,50,contact,771,126,126.0000
1772329686.023489,speed_50,speed,50,contact,771,145,145.0000
1772329686.048269,speed_50,speed,50,contact,771,194,194.0000
1772329686.072789,speed_50,speed,50,contact,767,219,219.0000
1772329686.097386,speed_50,speed,50,contact,767,242,242.0000
1772329686.122041,speed_50,speed,50,contact,764,271,271.0000
1772329686.146824,speed_50,speed,50,contact,763,328,328.0000
1772329686.171584,speed_50,speed,50,contact,762,353,353.0000
1772329686.196256,speed_50,speed,50,contact,759,386,386.0000
1772329686.220942,speed_50,speed,50,contact,759,418,418.0000
1772329686.245476,speed_50,speed,50,contact,758,476,476.0000
1772329686.270081,speed_50,speed,50,contact,758,500,500.0000
1772329686.294832,speed_50,speed,50,contact,757,522,522.0000
1772329686.319453,speed_50,speed,50,contact,752,564,564.0000
1772329686.344290,speed_50,speed,50,contact,752,635,635.0000
1772329686.368750,speed_50,speed,50,contact,752,661,661.0000
1772329686.393387,speed_50,speed,50,contact,752,684,684.0000
1772329686.418308,speed_50,speed,50,contact,752,703,703.0000
1772329686.442924,speed_50,speed,50,contact,752,720,720.0000
1772329686.467415,speed_50,speed,50,contact,752,747,747.0000
1772329686.492141,speed_50,speed,50,contact,752,760,760.0000
1772329686.516724,speed_50,speed,50,contact,752,770,770.0000
1772329686.541369,speed_50,speed,50,contact,752,779,779.0000
1772329686.566117,speed_50,speed,50,contact,752,796,796.0000
1772329686.591032,speed_50,speed,50,contact,752,803,803.0000
1772329686.615476,speed_50,speed,50,contact,752,809,809.0000
1772329686.640342,speed_50,speed,50,contact,752,814,814.0000
1772329686.665087,speed_50,speed,50,contact,752,822,822.0000
1772329686.689708,speed_50,speed,50,contact,752,826,826.0000
1772329686.714336,speed_50,speed,50,contact,752,829,829.0000
1772329686.739155,speed_50,speed,50,contact,752,831,831.0000
1772329686.763723,speed_50,speed,50,contact,752,836,836.0000
1772329686.788394,speed_50,speed,50,contact,752,837,837.0000
1772329686.813089,speed_50,speed,50,contact,752,838,838.0000
1772329686.837541,speed_50,speed,50,contact,752,839,839.0000
1772329686.862315,speed_50,speed,50,contact,752,840,840.0000
1772329686.887074,speed_50,speed,50,contact,752,842,842.0000
1772329686.911476,speed_50,speed,50,contact,752,843,843.0000
1772329686.936250,speed_50,speed,50,contact,752,843,843.0000
1772329686.960808,speed_50,speed,50,contact,752,843,843.0000
1772329686.985410,speed_50,speed,50,contact,752,843,843.0000
1772329687.010259,speed_50,speed,50,contact,752,843,843.0000
1772329687.034479,speed_50,speed,50,contact,752,843,843.0000
1772329687.059313,speed_50,speed,50,contact,752,843,843.0000
1772329687.083850,speed_50,speed,50,contact,752,843,843.0000
1772329687.108567,speed_50,speed,50,contact,752,843,843.0000
1772329687.133288,speed_50,speed,50,contact,752,843,843.0000
1772329687.157819,speed_50,speed,50,contact,752,843,843.0000
1772329687.182471,speed_50,speed,50,contact,752,843,843.0000
1772329687.207375,speed_50,speed,50,contact,752,843,843.0000
1772329687.232307,speed_50,speed,50,contact,752,843,843.0000
1772329687.256965,speed_50,speed,50,contact,752,843,843.0000
1772329687.281564,speed_50,speed,50,contact,752,843,843.0000
1772329687.306326,speed_50,speed,50,contact,752,843,843.0000
1772329687.330973,speed_50,speed,50,contact,752,843,843.0000
1772329687.355615,speed_50,speed,50,contact,752,843,843.0000
1772329687.380322,speed_50,speed,50,contact,752,843,843.0000
1772329687.405018,speed_50,speed,50,contact,752,843,843.0000
1772329687.429677,speed_50,speed,50,contact,752,843,843.0000
1772329687.454384,speed_25,speed,1000,open,752,843,843.0000
1772329687.491230,speed_25,speed,1000,open,752,843,843.0000
1772329687.513495,speed_25,speed,1000,open,758,832,832.0000
1772329687.535856,speed_25,speed,1000,open,780,742,742.0000
1772329687.558353,speed_25,speed,1000,open,823,653,653.0000
1772329687.580828,speed_25,speed,1000,open,866,577,577.0000
1772329687.603351,speed_25,speed,1000,open,912,509,509.0000
1772329687.625749,speed_25,speed,1000,open,951,400,400.0000
1772329687.648273,speed_25,speed,1000,open,993,352,352.0000
1772329687.670554,speed_25,speed,1000,open,997,311,311.0000
1772329687.693025,speed_25,speed,1000,open,997,275,275.0000
1772329687.715321,speed_25,speed,1000,open,997,243,243.0000
1772329687.737790,speed_25,speed,1000,open,996,215,215.0000
1772329687.760317,speed_25,speed,1000,open,996,192,192.0000
1772329687.782700,speed_25,speed,1000,open,997,170,170.0000
1772329687.805075,speed_25,speed,1000,open,996,152,152.0000
1772329687.827454,speed_25,speed,1000,open,996,121,121.0000
1772329687.849928,speed_25,speed,1000,open,996,109,109.0000
1772329687.872299,speed_25,speed,1000,open,996,97,97.0000
1772329687.894700,speed_25,speed,1000,open,996,88,88.0000
1772329687.917312,speed_25,speed,1000,open,997,80,80.0000
1772329687.939682,speed_25,speed,1000,open,996,73,73.0000
1772329689.985178,speed_25,speed,25,contact,997,26,26.0000
1772329690.023400,speed_25,speed,25,contact,997,26,26.0000
1772329690.048238,speed_25,speed,25,contact,997,26,26.0000
1772329690.072800,speed_25,speed,25,contact,997,26,26.0000
1772329690.097413,speed_25,speed,25,contact,997,26,26.0000
1772329690.122135,speed_25,speed,25,contact,997,26,26.0000
1772329690.146747,speed_25,speed,25,contact,996,26,26.0000
1772329690.171383,speed_25,speed,25,contact,997,26,26.0000
1772329690.196279,speed_25,speed,25,contact,997,26,26.0000
1772329690.220823,speed_25,speed,25,contact,991,27,27.0000
1772329690.245473,speed_25,speed,25,contact,991,29,29.0000
1772329690.270319,speed_25,speed,25,contact,990,30,30.0000
1772329690.294960,speed_25,speed,25,contact,987,31,31.0000
1772329690.319510,speed_25,speed,25,contact,985,32,32.0000
1772329690.344224,speed_25,speed,25,contact,985,34,34.0000
1772329690.368934,speed_25,speed,25,contact,980,35,35.0000
1772329690.393616,speed_25,speed,25,contact,979,36,36.0000
1772329690.418317,speed_25,speed,25,contact,978,37,37.0000
1772329690.442982,speed_25,speed,25,contact,977,38,38.0000
1772329690.467391,speed_25,speed,25,contact,975,38,38.0000
1772329690.492024,speed_25,speed,25,contact,972,39,39.0000
1772329690.516617,speed_25,speed,25,contact,971,39,39.0000
1772329690.541237,speed_25,speed,25,contact,969,39,39.0000
1772329690.565968,speed_25,speed,25,contact,967,39,39.0000
1772329690.590546,speed_25,speed,25,contact,965,38,38.0000
1772329690.615351,speed_25,speed,25,contact,965,38,38.0000
1772329690.640123,speed_25,speed,25,contact,964,39,39.0000
1772329690.664822,speed_25,speed,25,contact,962,39,39.0000
1772329690.689412,speed_25,speed,25,contact,958,39,39.0000
1772329690.714309,speed_25,speed,25,contact,957,40,40.0000
1772329690.739018,speed_25,speed,25,contact,957,40,40.0000
1772329690.763718,speed_25,speed,25,contact,954,40,40.0000
1772329690.788420,speed_25,speed,25,contact,951,40,40.0000
1772329690.812947,speed_25,speed,25,contact,950,40,40.0000
1772329690.837580,speed_25,speed,25,contact,947,39,39.0000
1772329690.862244,speed_25,speed,25,contact,947,39,39.0000
1772329690.886982,speed_25,speed,25,contact,944,39,39.0000
1772329690.911582,speed_25,speed,25,contact,944,39,39.0000
1772329690.936282,speed_25,speed,25,contact,943,40,40.0000
1772329690.961021,speed_25,speed,25,contact,940,40,40.0000
1772329690.985667,speed_25,speed,25,contact,936,40,40.0000
1772329691.010499,speed_25,speed,25,contact,935,40,40.0000
1772329691.035147,speed_25,speed,25,contact,935,40,40.0000
1772329691.059745,speed_25,speed,25,contact,933,40,40.0000
1772329691.084383,speed_25,speed,25,contact,932,39,39.0000
1772329691.109316,speed_25,speed,25,contact,928,39,39.0000
1772329691.133931,speed_25,speed,25,contact,927,39,39.0000
1772329691.158563,speed_25,speed,25,contact,925,39,39.0000
1772329691.183315,speed_25,speed,25,contact,924,40,40.0000
1772329691.207958,speed_25,speed,25,contact,921,40,40.0000
1772329691.232702,speed_25,speed,25,contact,921,40,40.0000
1772329691.257298,speed_25,speed,25,contact,918,40,40.0000
1772329691.281929,speed_25,speed,25,contact,918,40,40.0000
1772329691.306582,speed_25,speed,25,contact,915,40,40.0000
1772329691.331281,speed_25,speed,25,contact,913,40,40.0000
1772329691.355793,speed_25,speed,25,contact,912,40,40.0000
1772329691.380436,speed_25,speed,25,contact,912,40,40.0000
1772329691.405065,speed_25,speed,25,contact,910,40,40.0000
1772329691.429622,speed_25,speed,25,contact,908,40,40.0000
1772329691.454390,speed_25,speed,25,contact,905,40,40.0000
1772329691.478831,speed_25,speed,25,contact,903,40,40.0000
1772329691.503451,speed_25,speed,25,contact,903,40,40.0000
1772329691.528258,speed_25,speed,25,contact,901,42,42.0000
1772329691.553022,speed_25,speed,25,contact,899,42,42.0000
1772329691.577821,speed_25,speed,25,contact,896,40,40.0000
1772329691.602371,speed_25,speed,25,contact,896,40,40.0000
1772329691.627236,speed_25,speed,25,contact,893,40,40.0000
1772329691.651801,speed_25,speed,25,contact,891,40,40.0000
1772329691.676325,speed_25,speed,25,contact,891,42,42.0000
1772329691.701131,speed_25,speed,25,contact,888,42,42.0000
1772329691.725727,speed_25,speed,25,contact,886,42,42.0000
1772329691.750373,speed_25,speed,25,contact,883,42,42.0000
1772329691.775131,speed_25,speed,25,contact,883,42,42.0000
1772329691.799851,speed_25,speed,25,contact,883,42,42.0000
1772329691.824318,speed_25,speed,25,contact,882,40,40.0000
1772329691.848969,speed_25,speed,25,contact,878,40,40.0000
1772329691.873623,speed_25,speed,25,contact,876,40,40.0000
1772329691.898305,speed_25,speed,25,contact,875,40,40.0000
1772329691.922849,speed_25,speed,25,contact,875,40,40.0000
1772329691.947379,speed_25,speed,25,contact,871,40,40.0000
1772329691.972062,speed_25,speed,25,contact,871,40,40.0000
1772329691.996967,speed_25,speed,25,contact,869,40,40.0000
1772329692.021372,speed_25,speed,25,contact,868,42,42.0000
1772329692.046174,speed_25,speed,25,contact,863,40,40.0000
1772329692.070822,speed_25,speed,25,contact,863,40,40.0000
1772329692.095384,speed_25,speed,25,contact,862,40,40.0000
1772329692.120160,speed_25,speed,25,contact,859,40,40.0000
1772329692.144729,speed_25,speed,25,contact,858,40,40.0000
1772329692.169400,speed_25,speed,25,contact,856,42,42.0000
1772329692.194175,speed_25,speed,25,contact,856,42,42.0000
1772329692.218889,speed_25,speed,25,contact,853,42,42.0000
1772329692.243461,speed_25,speed,25,contact,853,42,42.0000
1772329692.268287,speed_25,speed,25,contact,851,43,43.0000
1772329692.293143,speed_25,speed,25,contact,847,42,42.0000
1772329692.317689,speed_25,speed,25,contact,847,42,42.0000
1772329692.342314,speed_25,speed,25,contact,847,42,42.0000
1772329692.367030,speed_25,speed,25,contact,843,42,42.0000
1772329692.391759,speed_25,speed,25,contact,843,42,42.0000
1772329692.416538,speed_25,speed,25,contact,841,42,42.0000
1772329692.441310,speed_25,speed,25,contact,838,42,42.0000
1772329692.465760,speed_25,speed,25,contact,836,42,42.0000
1772329692.490448,speed_25,speed,25,contact,835,42,42.0000
1772329692.515197,speed_25,speed,25,contact,835,42,42.0000
1772329692.539825,speed_25,speed,25,contact,831,42,42.0000
1772329692.564447,speed_25,speed,25,contact,830,40,40.0000
1772329692.589348,speed_25,speed,25,contact,829,42,42.0000
1772329692.613821,speed_25,speed,25,contact,827,42,42.0000
1772329692.638463,speed_25,speed,25,contact,826,42,42.0000
1772329692.663227,speed_25,speed,25,contact,824,42,42.0000
1772329692.688015,speed_25,speed,25,contact,822,42,42.0000
1772329692.712743,speed_25,speed,25,contact,821,43,43.0000
1772329692.737362,speed_25,speed,25,contact,820,43,43.0000
1772329692.762050,speed_25,speed,25,contact,816,43,43.0000
1772329692.786805,speed_25,speed,25,contact,814,43,43.0000
1772329692.811470,speed_25,speed,25,contact,814,43,43.0000
1772329692.836217,speed_25,speed,25,contact,811,42,42.0000
1772329692.860976,speed_25,speed,25,contact,811,42,42.0000
1772329692.885529,speed_25,speed,25,contact,809,43,43.0000
1772329692.910341,speed_25,speed,25,contact,807,43,43.0000
1772329692.935173,speed_25,speed,25,contact,805,43,43.0000
1772329692.959824,speed_25,speed,25,contact,804,43,43.0000
1772329692.984495,speed_25,speed,25,contact,802,43,43.0000
1772329693.009164,speed_25,speed,25,contact,800,43,43.0000
1772329693.033769,speed_25,speed,25,contact,797,43,43.0000
1772329693.058378,speed_25,speed,25,contact,797,43,43.0000
1772329693.083189,speed_25,speed,25,contact,796,43,43.0000
1772329693.107772,speed_25,speed,25,contact,793,43,43.0000
1772329693.132434,speed_25,speed,25,contact,792,43,43.0000
1772329693.157175,speed_25,speed,25,contact,791,43,43.0000
1772329693.181952,speed_25,speed,25,contact,789,43,43.0000
1772329693.206419,speed_25,speed,25,contact,787,43,43.0000
1772329693.231147,speed_25,speed,25,contact,785,43,43.0000
1772329693.255841,speed_25,speed,25,contact,784,44,44.0000
1772329693.280432,speed_25,speed,25,contact,782,44,44.0000
1772329693.305149,speed_25,speed,25,contact,781,47,47.0000
1772329693.329700,speed_25,speed,25,contact,780,50,50.0000
1772329693.354454,speed_25,speed,25,contact,778,52,52.0000
1772329693.379059,speed_25,speed,25,contact,777,56,56.0000
1772329693.403474,speed_25,speed,25,contact,777,68,68.0000
1772329693.428191,speed_25,speed,25,contact,776,76,76.0000
1772329693.452828,speed_25,speed,25,contact,775,82,82.0000
1772329693.477603,speed_25,speed,25,contact,774,89,89.0000
1772329693.502218,speed_25,speed,25,contact,774,104,104.0000
1772329693.526695,speed_25,speed,25,contact,774,112,112.0000
1772329693.551411,speed_25,speed,25,contact,772,122,122.0000
1772329693.576267,speed_25,speed,25,contact,771,137,137.0000
1772329693.600711,speed_25,speed,25,contact,771,164,164.0000
1772329693.625317,speed_25,speed,25,contact,771,178,178.0000
1772329693.649717,speed_25,speed,25,contact,771,193,193.0000
1772329693.674316,speed_25,speed,25,contact,770,211,211.0000
1772329693.698829,speed_25,speed,25,contact,769,230,230.0000
1772329693.723408,speed_25,speed,25,contact,769,262,262.0000
1772329693.748312,speed_25,speed,25,contact,767,280,280.0000
1772329693.772823,speed_25,speed,25,contact,767,297,297.0000
1772329693.797502,speed_25,speed,25,contact,767,312,312.0000
1772329693.822139,speed_25,speed,25,contact,767,343,343.0000
1772329693.846718,speed_25,speed,25,contact,762,363,363.0000
1772329693.871310,speed_25,speed,25,contact,762,382,382.0000
1772329693.896010,speed_25,speed,25,contact,762,400,400.0000
1772329693.920478,speed_25,speed,25,contact,763,429,429.0000
1772329693.945303,speed_25,speed,25,contact,762,440,440.0000
1772329693.970022,speed_25,speed,25,contact,759,461,461.0000
1772329693.994474,speed_25,speed,25,contact,759,487,487.0000
1772329694.019307,speed_25,speed,25,contact,758,509,509.0000
1772329694.043991,speed_25,speed,25,contact,759,544,544.0000
1772329694.068481,speed_25,speed,25,contact,761,550,550.0000
1772329694.093308,speed_25,speed,25,contact,761,546,546.0000
1772329694.118124,speed_25,speed,25,contact,761,543,543.0000
1772329694.142561,speed_25,speed,25,contact,761,537,537.0000
1772329694.167307,speed_25,speed,25,contact,761,535,535.0000
1772329694.191871,speed_25,speed,25,contact,761,532,532.0000
1772329694.216586,speed_25,speed,25,contact,761,531,531.0000
1772329694.241314,speed_25,speed,25,contact,761,529,529.0000
1772329694.265751,speed_25,speed,25,contact,761,528,528.0000
1772329694.290312,speed_25,speed,25,contact,761,527,527.0000
1772329694.314992,speed_25,speed,25,contact,761,526,526.0000
1772329694.339486,speed_25,speed,25,contact,761,525,525.0000
1772329694.364284,speed_25,speed,25,contact,761,525,525.0000
1772329694.389000,speed_25,speed,25,contact,761,523,523.0000
1772329694.413610,speed_25,speed,25,contact,761,523,523.0000
1772329694.438302,speed_25,speed,25,contact,761,523,523.0000
1772329694.463003,speed_25,speed,25,contact,761,523,523.0000
1772329694.487803,speed_25,speed,25,contact,761,523,523.0000
1772329694.512418,speed_25,speed,25,contact,761,523,523.0000
1772329694.537242,speed_25,speed,25,contact,761,523,523.0000
1772329694.561808,speed_25,speed,25,contact,761,523,523.0000
1772329694.586427,hybrid,hybrid,1000,open,761,523,523.0000
1772329694.611062,hybrid,hybrid,1000,open,761,523,523.0000
1772329694.635572,hybrid,hybrid,1000,open,761,523,523.0000
1772329694.658075,hybrid,hybrid,1000,open,774,509,509.0000
1772329694.680470,hybrid,hybrid,1000,open,797,450,450.0000
1772329694.703053,hybrid,hybrid,1000,open,841,354,354.0000
1772329694.725520,hybrid,hybrid,1000,open,887,314,314.0000
1772329694.748123,hybrid,hybrid,1000,open,972,280,280.0000
1772329694.770501,hybrid,hybrid,1000,open,996,250,250.0000
1772329694.793122,hybrid,hybrid,1000,open,996,221,221.0000
1772329694.815608,hybrid,hybrid,1000,open,996,196,196.0000
1772329694.837980,hybrid,hybrid,1000,open,996,175,175.0000
1772329694.860420,hybrid,hybrid,1000,open,996,155,155.0000
1772329694.882893,hybrid,hybrid,1000,open,996,123,123.0000
1772329694.905358,hybrid,hybrid,1000,open,996,111,111.0000
1772329694.927828,hybrid,hybrid,1000,open,996,100,100.0000
1772329694.950308,hybrid,hybrid,1000,open,996,89,89.0000
1772329694.972796,hybrid,hybrid,1000,open,996,80,80.0000
1772329694.995308,hybrid,hybrid,1000,open,996,72,72.0000
1772329695.017695,hybrid,hybrid,1000,open,996,65,65.0000
1772329695.040118,hybrid,hybrid,1000,open,996,60,60.0000
1772329695.062603,hybrid,hybrid,1000,open,996,51,51.0000
1772329695.085112,hybrid,hybrid,1000,open,996,47,47.0000
1772329697.110039,hybrid,hybrid,1000,approach,996,26,26.0000
1772329697.132403,hybrid,hybrid,1000,approach,996,26,26.0000
1772329697.157081,hybrid,hybrid,1000,approach,996,26,26.0000
1772329697.179472,hybrid,hybrid,1000,approach,996,26,26.0000
1772329697.202043,hybrid,hybrid,1000,approach,910,25,25.0000
1772329697.228233,hybrid,hybrid,1000,approach,871,25,25.0000
1772329697.254293,hybrid,hybrid,1000,approach,826,23,23.0000
1772329697.280824,hybrid,hybrid,1000,approach,787,27,27.0000
1772329698.321005,hybrid,hybrid,25,contact,781,51,51.0000
1772329698.359313,hybrid,hybrid,25,contact,781,51,51.0000
1772329698.384087,hybrid,hybrid,25,contact,781,51,51.0000
1772329698.408680,hybrid,hybrid,25,contact,781,51,51.0000
1772329698.433313,hybrid,hybrid,25,contact,781,51,51.0000
1772329698.458049,hybrid,hybrid,25,contact,781,51,51.0000
1772329698.482823,hybrid,hybrid,25,contact,781,51,51.0000
1772329698.507583,hybrid,hybrid,25,contact,781,51,51.0000
1772329698.532335,hybrid,hybrid,25,contact,781,51,51.0000
1772329698.556909,hybrid,hybrid,25,contact,780,52,52.0000
1772329698.581476,hybrid,hybrid,25,contact,779,57,57.0000
1772329698.606345,hybrid,hybrid,25,contact,777,63,63.0000
1772329698.630964,hybrid,hybrid,25,contact,777,69,69.0000
1772329698.655838,hybrid,hybrid,25,contact,775,76,76.0000
1772329698.680391,hybrid,hybrid,25,contact,774,92,92.0000
1772329698.705270,hybrid,hybrid,25,contact,774,100,100.0000
1772329698.729953,hybrid,hybrid,25,contact,774,107,107.0000
1772329698.754587,hybrid,hybrid,25,contact,772,120,120.0000
1772329698.779175,hybrid,hybrid,25,contact,772,151,151.0000
1772329698.803830,hybrid,hybrid,25,contact,771,164,164.0000
1772329698.828476,hybrid,hybrid,25,contact,772,177,177.0000
1772329698.853313,hybrid,hybrid,25,contact,771,188,188.0000
1772329698.877973,hybrid,hybrid,25,contact,769,231,231.0000
1772329698.902563,hybrid,hybrid,25,contact,768,251,251.0000
1772329698.927309,hybrid,hybrid,25,contact,767,268,268.0000
1772329698.952085,hybrid,hybrid,25,contact,768,282,282.0000
1772329698.976587,hybrid,hybrid,25,contact,767,296,296.0000
1772329699.001313,hybrid,hybrid,25,contact,764,336,336.0000
1772329699.026014,hybrid,hybrid,25,contact,762,359,359.0000
1772329699.050678,hybrid,hybrid,25,contact,762,378,378.0000
1772329699.075309,hybrid,hybrid,25,contact,762,395,395.0000
1772329699.099941,hybrid,hybrid,25,contact,763,426,426.0000
1772329699.124387,hybrid,hybrid,25,contact,761,445,445.0000
1772329699.149092,hybrid,hybrid,25,contact,758,473,473.0000
1772329699.173756,hybrid,hybrid,25,contact,758,498,498.0000
1772329699.198474,hybrid,hybrid,25,contact,758,538,538.0000
1772329699.223182,hybrid,hybrid,25,contact,758,554,554.0000
1772329699.247953,hybrid,hybrid,25,contact,758,565,565.0000
1772329699.272551,hybrid,hybrid,25,contact,758,575,575.0000
1772329699.297314,hybrid,hybrid,25,contact,758,582,582.0000
1772329699.322000,hybrid,hybrid,25,contact,758,597,597.0000
1772329699.346657,hybrid,hybrid,25,contact,758,603,603.0000
1772329699.371309,hybrid,hybrid,25,contact,758,609,609.0000
1772329699.396038,hybrid,hybrid,25,contact,758,613,613.0000
1772329699.420806,hybrid,hybrid,25,contact,758,620,620.0000
1772329699.445569,hybrid,hybrid,25,contact,758,623,623.0000
1772329699.470317,hybrid,hybrid,25,contact,758,626,626.0000
1772329699.494941,hybrid,hybrid,25,contact,758,628,628.0000
1772329699.519496,hybrid,hybrid,25,contact,758,632,632.0000
1772329699.544307,hybrid,hybrid,25,contact,758,634,634.0000
1772329699.568831,hybrid,hybrid,25,contact,758,635,635.0000
1772329699.593603,hybrid,hybrid,25,contact,758,636,636.0000
1772329699.618316,hybrid,hybrid,25,contact,758,638,638.0000
1772329699.642989,hybrid,hybrid,25,contact,758,638,638.0000
1772329699.667667,hybrid,hybrid,25,contact,758,638,638.0000
1772329699.692308,hybrid,hybrid,25,contact,758,639,639.0000
1772329699.717106,hybrid,hybrid,25,contact,758,639,639.0000
1772329699.741509,hybrid,hybrid,25,contact,758,639,639.0000
1772329699.766407,hybrid,hybrid,25,contact,758,639,639.0000
1772329699.791098,hybrid,hybrid,25,contact,758,639,639.0000
1772329699.815854,hybrid,hybrid,25,contact,758,639,639.0000
1772329699.840519,hybrid,hybrid,25,contact,758,639,639.0000
1772329699.865272,hybrid,hybrid,25,contact,758,639,639.0000
1772329699.889750,hybrid,hybrid,25,contact,758,639,639.0000
1772329699.914496,hybrid,hybrid,25,contact,758,639,639.0000
1772329699.939341,hybrid,hybrid,25,contact,758,639,639.0000
1772329699.964117,hybrid,hybrid,25,contact,758,639,639.0000
1772329699.988649,hybrid,hybrid,25,contact,758,639,639.0000
1772329700.013385,hybrid,hybrid,25,contact,758,639,639.0000
1772329700.038177,hybrid,hybrid,25,contact,758,639,639.0000
1772329700.062766,hybrid,hybrid,25,contact,758,639,639.0000
1772329700.087390,hybrid,hybrid,25,contact,758,639,639.0000
1772329700.112244,hybrid,hybrid,25,contact,758,639,639.0000
1772329700.136815,hybrid,hybrid,25,contact,758,639,639.0000
