timestamp_epoch,wrist_fx_N,wrist_fy_N,wrist_fz_N,wrist_f_norm_N,wrist_tx,wrist_ty,wrist_tz,index_force_N,thumb_force_N,hand_phase
1772145871.0488892,-0.2,0.5,0.5,0.7348469228349535,-0.023,-0.012,-0.01799,-0.26444,0.296171,0
1772145871.0752587,-0.1,0.5,0.6,0.7874007874011811,-0.021,-0.003,-0.016,-0.26444,0.296171,0
1772145871.1015465,0.0,0.3,1.1,1.140175425099138,-0.026,0.004,-0.02,-0.26444,0.296171,0
1772145871.127823,-0.1,0.3,-0.5,0.5916079783099616,-0.023,-0.01,-0.017,-0.26444,0.296171,0
1772145871.1542163,0.0,0.4,0.3,0.5,-0.032,0.002,-0.017,-0.26444,0.296171,0
1772145871.180463,0.1,0.4,1.2,1.268857754044952,-0.025,-0.003,-0.021,-0.26444,0.296171,0
1772145871.2067661,0.0,0.3,0.5,0.58309518948453,-0.022,-0.004,-0.015,-0.26444,0.296171,0
1772145871.2331347,-0.2,0.4,0.2,0.48989794855663565,-0.023,0.013,-0.017,-0.26444,0.296171,0
1772145871.2594101,-0.1,0.4,0.2,0.45825756949558405,-0.016,-0.001,-0.014,-0.26444,0.296171,0
1772145871.285736,0.1,0.3,-0.3,0.43588989435406733,-0.01799,-0.004,-0.01799,-0.26444,0.296171,0
1772145871.3121061,-0.1,0.5,0.1,0.5196152422706632,-0.029,0.017,-0.014,-0.26444,0.296171,0
1772145871.3384619,-0.1,0.3,-0.3,0.43588989435406733,-0.01799,0.001,-0.01899,-0.26444,0.296171,0
1772145871.364836,0.0,0.3,0.6,0.6708203932499369,-0.012,-0.004,-0.01899,-0.26444,0.296171,0
1772145871.3910842,-0.3,0.4,0.4,0.6403124237432849,-0.01799,0.008,-0.01799,-0.26444,0.296171,0
1772145871.4173663,0.0,0.4,0.3,0.5,-0.025,0.023,-0.016,-0.26444,0.296171,0
1772145871.4436917,-0.1,0.3,0.4,0.5099019513592785,-0.012,0.0,-0.01799,-0.26444,0.296171,0
1772145871.4700243,0.1,0.4,0.9,0.9899494936611666,-0.01899,-0.002,-0.015,-0.26444,0.296171,0
1772145871.4963062,-0.2,0.5,-0.8,0.9643650760992956,-0.01,0.024,-0.016,-0.26444,0.296171,0
1772145871.5226288,-0.1,0.3,-0.1,0.33166247903554,-0.008,0.001,-0.017,-0.26444,0.296171,0
1772145871.5490031,0.0,0.4,0.3,0.5,-0.026,-0.006,-0.022,-0.26444,0.296171,0
1772145871.5753226,0.0,0.5,0.1,0.5099019513592785,-0.01799,0.004,-0.015,-0.26444,0.296171,0
1772145871.6016107,0.0,0.3,0.9,0.9486832980505138,-0.02,-0.02,-0.016,-0.26444,0.296171,0
1772145871.6280053,-0.1,0.4,0.0,0.4123105625617661,-0.028,0.006,-0.01899,-0.26444,0.296171,0
1772145871.6543055,-0.1,0.4,-0.6,0.7280109889280518,-0.028,0.005,-0.01899,-0.26444,0.296171,0
1772145871.6805863,0.2,0.4,0.4,0.6000000000000001,-0.00899,0.0,-0.017,-0.26444,0.296171,0
1772145871.7068777,-0.1,0.3,0.5,0.5916079783099616,-0.017,-0.01899,-0.01799,-0.26444,0.296171,0
1772145871.7332628,0.0,0.4,1.3,1.3601470508735443,-0.023,-0.002,-0.017,-0.26444,0.296171,0
1772145871.7595375,-0.1,0.3,-0.8,0.8602325267042628,-0.008,0.003,-0.021,-0.26444,0.296171,0
1772145871.785918,0.1,0.4,0.6,0.7280109889280518,-0.011,-0.007,-0.02,-0.26444,0.296171,0
1772145871.8123019,-0.2,0.4,0.1,0.45825756949558405,-0.024,-0.003,-0.01799,-0.26444,0.296171,0
1772145871.8385992,0.0,0.3,0.2,0.36055512754639896,-0.01899,-0.001,-0.021,-0.26444,0.296171,0
1772145871.8648903,0.0,0.3,-0.2,0.36055512754639896,-0.025,0.0,-0.016,-0.26444,0.296171,0
1772145871.891226,-0.2,0.5,-0.5,0.7348469228349535,-0.015,-0.002,-0.023,-0.26444,0.296171,0
1772145871.917522,0.0,0.4,0.5,0.6403124237432849,-0.01899,-0.01,-0.015,-0.26444,0.296171,0
1772145871.9438088,0.0,0.4,0.5,0.6403124237432849,-0.02,-0.00899,-0.01799,-0.26444,0.296171,0
1772145871.9701834,-0.1,0.4,0.4,0.574456264653803,-0.029,0.001,-0.01799,-0.26444,0.296171,0
1772145871.9965658,-0.1,0.4,1.1,1.174734012447073,-0.01899,-0.005,-0.016,-0.26444,0.296171,0
1772145872.0228498,-0.2,0.4,0.6,0.7483314773547883,-0.028,0.006,-0.02,-0.26444,0.296171,0
1772145872.049151,-0.1,0.4,0.3,0.5099019513592785,-0.016,0.005,-0.01799,-0.26444,0.296171,0
1772145872.0754094,-0.1,0.3,-1.0,1.0488088481701516,-0.028,0.002,-0.01899,-0.26444,0.296171,0
1772145872.1017036,0.0,0.3,0.1,0.31622776601683794,-0.029,0.006,-0.015,-0.26444,0.296171,0
1772145872.1280873,-0.1,0.3,0.6,0.6782329983125268,-0.014,-0.01,-0.015,-0.26444,0.296171,0
1772145872.1545,0.0,0.4,-0.2,0.447213595499958,-0.031,-0.004,-0.01799,-0.26444,0.296171,0
1772145872.1808014,0.0,0.3,-0.8,0.8544003745317532,-0.01,-0.006,-0.01899,-0.26444,0.296171,0
1772145872.207071,0.0,0.4,0.3,0.5,-0.013,0.003,-0.016,-0.26444,0.296171,0
1772145872.2334948,-0.1,0.3,0.0,0.31622776601683794,-0.02,0.006,-0.017,-0.26444,0.296171,0
1772145872.2597513,-0.1,0.3,-0.1,0.33166247903554,-0.026,-0.003,-0.01799,-0.26444,0.296171,0
1772145872.2860527,0.1,0.3,1.3,1.3379088160259653,-0.028,-0.01899,-0.016,-0.26444,0.296171,0
1772145872.3124452,0.1,0.4,0.5,0.6480740698407861,-0.026,-0.008,-0.01799,-0.26444,0.296171,0
1772145872.3389237,0.1,0.3,0.3,0.43588989435406733,-0.032,0.0,-0.016,-0.26444,0.296171,0
1772145872.3653169,-0.1,0.3,-0.5,0.5916079783099616,-0.029,0.011,-0.017,-0.26444,0.296171,0
1772145872.3916361,0.0,0.4,-0.3,0.5,-0.02,-0.004,-0.01799,-0.26444,0.296171,0
1772145872.4181268,0.0,0.4,0.7,0.8062257748298549,-0.03,0.007,-0.016,-0.26444,0.296171,0
1772145872.4443774,-0.1,0.3,0.0,0.31622776601683794,-0.032,-0.012,-0.01899,-0.26444,0.296171,0
1772145872.470646,-0.2,0.4,0.6,0.7483314773547883,-0.015,-0.022,-0.021,-0.26444,0.296171,0
1772145872.4968882,-0.1,0.4,0.3,0.5099019513592785,-0.026,-0.004,-0.017,-0.26444,0.296171,0
1772145872.5231495,-0.2,0.4,0.0,0.447213595499958,-0.02,0.01899,-0.021,-0.26444,0.296171,0
1772145872.5493252,-0.1,0.3,-0.8,0.8602325267042628,-0.025,0.012,-0.01799,-0.26444,0.296171,0
1772145872.5755787,-0.2,0.4,-0.1,0.45825756949558405,-0.014,0.003,-0.013,-0.26444,0.296171,0
1772145872.6020484,-0.2,0.3,-0.2,0.41231056256176607,-0.01899,0.012,-0.01799,-0.26444,0.296171,0
1772145872.628342,0.1,0.4,0.9,0.9899494936611666,-0.01799,-0.00899,-0.016,-0.26444,0.296171,0
1772145872.6546066,0.4,-0.1,0.0,0.4123105625617661,0.035,-0.003,-0.017,-0.26444,0.296171,0
1772145872.6808937,-0.2,0.4,-0.3,0.5385164807134505,-0.01899,0.006,-0.006,-0.26444,0.296171,0
1772145872.7072861,0.0,0.5,0.3,0.58309518948453,-0.049,-0.008,-0.024,-0.26444,0.296171,0
1772145872.7335353,-0.2,0.6,0.6,0.8717797887081347,-0.052,-0.00899,-0.01899,-0.26444,0.296171,0
1772145872.759948,-0.1,0.8,0.7,1.0677078252031311,-0.033,-0.017,-0.011,-0.26444,0.296171,0
1772145872.786355,0.1,0.5,-1.1,1.2124355652982142,-0.048,0.011,-0.01899,-0.26444,0.296171,0
1772145872.8126676,-0.1,0.7,0.6,0.9273618495495703,-0.067,0.004,-0.017,-0.26444,0.296171,0
1772145872.838946,0.1,0.6,-1.2,1.3453624047073711,-0.006,0.029,-0.021,-0.26444,0.296171,0
1772145872.865276,-0.4,0.2,0.6,0.7483314773547883,-0.004,-0.015,-0.006,-0.26444,0.296171,0
1772145872.8915317,-0.3,1.2,0.4,1.3,-0.059,-0.044,-0.017,-0.26444,0.296171,0
1772145872.9178674,-0.1,0.2,0.8,0.8306623862918076,0.003,0.029,-0.011,-0.26444,0.296171,0
1772145872.9441814,0.2,0.0,-0.5,0.5385164807134505,-0.012,-0.021,0.0,-0.26444,0.384,0
1772145872.970477,0.0,0.4,-4.6,4.617358552246078,-0.406,-0.18,-0.01799,-0.26444,0.9109740000000001,0
1772145872.9967556,-0.5,1.5,-9.5,9.630680142129112,-0.876,-0.25799,-0.042,-0.25696199999999997,1.6512470000000001,1
1772145883.0453346,-0.2,-0.2,-1.0,1.0392304845413265,0.001,-0.01899,0.002,4.1475800000000005,3.069058,2
1772145883.0717025,0.0,-0.3,-1.1,1.140175425099138,0.0,-0.01799,0.003,4.1475800000000005,3.069058,2
1772145883.098069,0.0,-0.3,0.1,0.31622776601683794,-0.007,-0.029,0.00899,4.1475800000000005,3.069058,2
1772145883.1243536,-0.2,-0.1,-0.7,0.7348469228349533,0.016,-0.012,0.006,4.1475800000000005,3.069058,2
1772145883.1506348,0.0,-0.2,-0.1,0.223606797749979,0.004,-0.035,0.005,4.1475800000000005,3.069058,2
1772145883.1769924,-0.2,-0.1,0.1,0.24494897427831783,0.005,-0.022,0.003,4.1475800000000005,3.069058,2
1772145883.2033312,0.0,-0.2,-1.2,1.2165525060596438,0.002,-0.006,0.008,4.1475800000000005,3.069058,2
1772145883.2296731,-0.1,-0.1,1.2,1.2083045973594573,0.02,-0.042,0.005,4.1475800000000005,3.069058,2
1772145883.2559497,-0.2,-0.2,0.2,0.3464101615137755,0.004,-0.01899,0.007,4.1475800000000005,3.069058,2
1772145883.2823284,0.0,-0.3,-0.6,0.6708203932499369,-0.003,-0.01799,0.007,4.1475800000000005,3.069058,2
1772145883.3085778,-0.2,-0.2,-0.5,0.5744562646538028,0.008,-0.032,-0.001,4.1475800000000005,3.069058,2
1772145883.334855,-0.1,-0.3,-1.0,1.0488088481701516,0.004,-0.012,0.006,4.1475800000000005,3.069058,2
1772145883.361145,0.0,-0.2,-0.3,0.36055512754639896,-0.007,-0.032,0.00899,4.1475800000000005,3.069058,2
1772145883.3874476,-0.2,-0.1,0.3,0.37416573867739417,0.007,-0.035,0.004,4.1475800000000005,3.069058,2
1772145883.4137683,0.0,-0.1,0.5,0.5099019513592785,0.004,-0.026,0.00899,4.140102000000001,3.069058,2
1772145883.440123,-0.2,-0.1,-1.0,1.02469507659596,0.021,-0.02,0.001,4.140102000000001,3.069058,2
1772145883.4664843,-0.1,-0.2,-0.4,0.45825756949558405,0.007,-0.021,0.004,4.140102000000001,3.069058,2
1772145883.4927857,0.0,-0.2,-0.9,0.9219544457292888,-0.006,-0.031,0.007,4.140102000000001,3.069058,2
1772145883.5190659,0.0,-0.2,-0.2,0.28284271247461906,0.0,-0.013,0.00899,4.140102000000001,3.069058,2
1772145883.5454571,-0.2,-0.2,-0.6,0.6633249580710799,0.006,-0.021,0.006,4.140102000000001,3.069058,2
1772145883.5719013,-0.1,-0.2,-0.3,0.37416573867739417,0.007,-0.032,0.006,4.140102000000001,3.069058,2
1772145883.5981548,-0.2,-0.1,-1.0,1.02469507659596,0.017,-0.011,0.004,4.140102000000001,3.069058,2
1772145883.6244843,-0.2,-0.2,-1.3,1.3304134695650072,0.004,-0.007,0.006,4.140102000000001,3.069058,2
1772145883.6508982,0.0,-0.2,0.1,0.223606797749979,0.001,-0.042,0.008,4.140102000000001,3.069058,2
1772145883.6772795,0.0,-0.2,-0.3,0.36055512754639896,-0.01,-0.031,0.005,4.140102000000001,3.069058,2
1772145883.7035449,-0.2,-0.2,-0.1,0.30000000000000004,-0.002,-0.017,0.005,4.140102000000001,3.069058,2
1772145883.7300155,-0.2,-0.2,-0.5,0.5744562646538028,-0.005,-0.013,0.008,4.140102000000001,3.069058,2
1772145883.756337,-0.1,-0.2,-0.1,0.24494897427831783,0.012,-0.024,0.007,4.140102000000001,3.069058,2
1772145883.7826285,-0.1,-0.1,-0.7,0.714142842854285,0.00899,-0.013,0.008,4.140102000000001,3.069058,2
1772145883.8090017,0.0,-0.2,0.3,0.36055512754639896,-0.016,-0.021,0.005,4.140102000000001,3.069058,2
1772145883.8353043,-0.1,-0.2,-0.4,0.45825756949558405,0.002,-0.029,0.006,4.140102000000001,3.069058,2
1772145883.861629,0.0,-0.2,-0.3,0.36055512754639896,0.0,-0.03,0.005,4.140102000000001,3.069058,2
1772145883.8879967,-0.2,-0.1,-1.0,1.02469507659596,0.01,-0.03,0.001,4.140102000000001,3.069058,2
1772145883.9143312,0.1,-0.2,0.0,0.223606797749979,0.004,-0.039,0.005,4.140102000000001,3.069058,2
1772145883.9406984,-0.1,-0.1,-0.6,0.6164414002968976,0.013,-0.033,0.007,4.140102000000001,3.069058,2
1772145883.9669728,-0.2,-0.2,-0.5,0.5744562646538028,-0.001,-0.021,0.00899,4.140102000000001,3.069058,2
1772145883.9933462,-0.2,-0.3,-0.4,0.5385164807134505,-0.008,-0.003,0.008,4.140102000000001,3.069058,2
1772145884.019593,0.0,-0.2,-0.5,0.5385164807134505,-0.006,-0.028,0.003,4.125146000000001,3.069058,2
1772145884.0459137,-0.1,-0.2,-0.7,0.7348469228349533,-0.004,-0.022,0.001,4.125146000000001,3.069058,2
1772145884.0722785,-0.1,-0.1,0.1,0.17320508075688776,-0.001,-0.027,0.008,4.125146000000001,3.069058,2
1772145884.0986037,0.0,-0.2,-1.1,1.118033988749895,-0.001,-0.017,0.007,4.125146000000001,3.069058,2
1772145884.1248505,-0.1,-0.2,-0.8,0.8306623862918076,-0.006,-0.01799,0.005,4.125146000000001,3.069058,2
1772145884.1511307,-0.1,-0.2,-0.5,0.5477225575051661,-0.002,-0.025,0.003,4.125146000000001,3.069058,2
1772145884.1774483,-0.1,-0.3,-1.2,1.2409673645990857,0.006,-0.029,0.007,4.125146000000001,3.069058,2
1772145884.2038932,-0.2,-0.1,-0.5,0.5477225575051661,0.017,-0.032,0.001,4.125146000000001,3.069058,2
1772145884.2301903,-0.2,-0.3,-0.9,0.9695359714832659,0.006,-0.014,0.008,4.125146000000001,3.069058,2
1772145884.2563965,0.0,-0.2,-0.7,0.7280109889280517,0.006,-0.024,0.00899,4.125146000000001,3.069058,2
1772145884.2828526,-0.1,-0.2,-0.9,0.9273618495495705,0.005,-0.025,0.003,4.125146000000001,3.069058,2
1772145884.3091059,0.0,-0.3,0.3,0.4242640687119285,0.0,-0.029,0.005,4.125146000000001,3.069058,2
1772145884.3353572,0.0,-0.1,-0.6,0.6082762530298219,0.0,-0.025,0.005,4.125146000000001,3.069058,2
1772145884.361779,0.0,-0.3,0.3,0.4242640687119285,-0.005,-0.03799,0.008,4.125146000000001,3.069058,2
1772145884.388142,-0.1,-0.2,-1.0,1.02469507659596,-0.005,-0.013,0.006,4.125146000000001,3.069058,2
1772145884.4143934,-0.1,-0.2,-0.8,0.8306623862918076,0.0,-0.02,0.007,4.125146000000001,3.069058,2
1772145884.4407518,0.0,-0.2,-1.0,1.019803902718557,-0.002,-0.025,0.005,4.125146000000001,3.069058,2
1772145884.4671443,-0.2,-0.2,-0.6,0.6633249580710799,-0.012,-0.01799,0.003,4.125146000000001,3.069058,2
1772145884.4933937,-0.2,-0.1,-0.9,0.9273618495495705,0.007,-0.01899,0.00899,4.125146000000001,3.069058,2
1772145884.5196989,-0.1,-0.2,-0.6,0.6403124237432849,0.005,-0.029,0.007,4.125146000000001,3.069058,2
1772145884.5461047,-0.1,-0.2,-0.6,0.6403124237432849,0.004,-0.037,0.008,4.125146000000001,3.069058,2
1772145884.572379,-0.1,-0.2,-1.9,1.913112646970899,-0.006,-0.015,0.005,4.125146000000001,3.069058,2
1772145884.5986526,-0.1,-0.2,-0.1,0.24494897427831783,-0.005,-0.025,0.006,4.125146000000001,3.069058,2
1772145884.6249797,0.0,-0.3,-0.8,0.8544003745317532,-0.006,-0.01899,0.008,4.117668,3.069058,2
1772145884.6513772,-0.1,-0.3,-0.3,0.43588989435406733,-0.003,-0.027,0.008,4.117668,3.069058,2
1772145884.677707,-0.1,-0.2,0.1,0.24494897427831783,0.003,-0.032,0.004,4.117668,3.069058,2
1772145884.7040594,-0.1,-0.2,-0.9,0.9273618495495705,0.002,-0.012,0.008,4.117668,3.069058,2
1772145884.7303889,-0.1,-0.2,-1.1,1.1224972160321824,-0.002,-0.028,0.005,4.117668,3.069058,2
1772145884.75675,-0.2,-0.1,-1.1,1.1224972160321824,0.014,-0.02,0.003,4.117668,3.069058,2
1772145884.783017,-0.1,-0.1,-0.2,0.24494897427831783,0.004,-0.01,0.00899,4.117668,3.069058,2
1772145884.8092785,-0.2,-0.2,-1.2,1.2328828005937953,0.00899,0.0,0.008,4.117668,3.069058,2
1772145884.835668,0.0,-0.2,-0.8,0.8246211251235323,-0.001,-0.013,0.013,4.117668,3.069058,2
1772145884.8619566,0.0,-0.1,-0.2,0.223606797749979,-0.002,-0.012,0.011,4.117668,3.069058,2
1772145884.888339,-0.1,-0.2,-0.8,0.8306623862918076,-0.002,-0.003,0.008,4.117668,3.069058,2
1772145884.9146419,-0.2,-0.2,-0.7,0.7549834435270749,-0.008,-0.015,0.005,4.117668,3.069058,2
1772145884.940955,-0.1,-0.2,-0.4,0.45825756949558405,0.006,-0.025,0.005,4.117668,3.069058,2
1772145884.9672368,-0.1,-0.2,-0.4,0.45825756949558405,-0.004,-0.01799,0.002,4.117668,3.069058,2
1772145884.9934905,-0.1,-0.2,-0.5,0.5477225575051661,0.006,-0.028,0.004,4.117668,3.069058,2
1772145885.0198162,-0.1,-0.1,-0.2,0.24494897427831783,0.003,-0.013,0.004,4.117668,3.069058,2
1772145885.0460875,-0.1,-0.2,-0.2,0.30000000000000004,0.001,-0.031,0.007,4.117668,3.069058,2
1772145885.0724442,-0.1,-0.2,-1.1,1.1224972160321824,0.006,-0.01,0.007,4.117668,3.069058,2
1772145885.098882,-0.1,-0.2,-1.0,1.02469507659596,0.013,-0.027,0.006,4.117668,3.069058,2
1772145885.1251245,-0.1,-0.2,-0.8,0.8306623862918076,0.01,-0.03599,0.003,4.117668,3.069058,2
1772145885.1513686,-0.1,-0.1,-0.4,0.42426406871192857,0.007,-0.032,0.004,4.117668,3.069058,2
1772145885.1776905,0.0,-0.2,-0.4,0.447213595499958,-0.002,-0.016,0.005,4.117668,3.069058,2
1772145885.2041554,-0.1,-0.3,-1.2,1.2409673645990857,-0.008,-0.023,0.003,4.117668,3.069058,2
1772145885.2304084,-0.1,-0.2,-1.2,1.2206555615733703,0.005,-0.027,0.005,4.117668,3.069058,2
1772145885.2567506,-0.1,-0.2,0.6,0.6403124237432849,-0.006,-0.028,0.007,4.117668,3.069058,2
1772145885.2830703,0.0,-0.3,-1.1,1.140175425099138,-0.001,-0.013,0.008,4.117668,3.069058,2
1772145885.3093271,0.0,-0.2,-1.2,1.2165525060596438,-0.005,-0.028,0.004,4.11019,3.069058,2
1772145885.3356824,-0.4,0.7,0.7,1.0677078252031311,-0.098,-0.045,-0.015,4.11019,3.069058,2
1772145885.3621287,-0.3,1.3,0.9,1.6093476939431082,-0.108,-0.012,-0.022,4.057844,3.207075,2
1772145885.388402,0.2,1.6,0.6,1.7204650534085255,-0.128,0.006,-0.03,4.035410000000001,3.2949040000000003,2
1772145885.4146798,0.1,1.4,-0.1,1.4071247279470287,-0.125,0.028,-0.027,4.012976,3.370186,2
1772145885.4410079,0.0,1.5,0.8,1.7,-0.1,0.05,-0.029,3.9755860000000003,3.4831090000000002,2
1772145885.467344,-0.2,1.5,0.8,1.711724276862369,-0.115,-0.006,-0.027,3.9606299999999997,3.533297,2
1772145885.4936666,0.0,1.7,0.1,1.70293863659264,-0.136,0.017,-0.03599,3.938196,3.570938,2
1772145885.5199082,0.0,1.5,0.4,1.5524174696260025,-0.093,0.005,-0.027,3.930718,3.608579,2
1772145885.5462444,0.2,1.3,0.6,1.445683229480096,-0.127,0.0,-0.032,3.9157620000000004,3.671314,2
1772145885.572454,0.1,1.3,0.2,1.319090595827292,-0.03599,0.024,-0.01899,3.9082839999999996,3.696408,2
1772145885.5986989,-0.2,0.1,0.6,0.6403124237432849,0.011,-0.012,-0.011,3.9008059999999998,3.708955,2
1772145885.6250694,0.0,0.7,0.4,0.8062257748298549,-0.06,0.001,-0.01899,3.893328,3.7465960000000003,2
1772145885.6513443,-0.2,0.7,0.3,0.787400787401181,-0.079,-0.001,-0.031,3.893328,3.77169,2
1772145885.6776717,-0.1,0.6,0.1,0.6164414002968976,-0.059,-0.004,-0.025,3.88585,3.77169,2
1772145885.7039292,-0.4,0.6,-0.5,0.8774964387392122,-0.053,0.001,-0.027,3.88585,3.77169,2
1772145885.7303236,0.0,0.5,-0.7,0.8602325267042626,-0.073,0.011,-0.031,3.88585,3.77169,2
1772145885.7566507,-0.1,0.6,-0.8,1.0049875621120892,-0.073,0.002,-0.01799,3.88585,3.77169,2
1772145885.782937,0.0,0.5,-1.0,1.118033988749895,-0.048,0.01799,-0.024,3.88585,3.77169,2
1772145885.8091674,-0.1,0.5,-0.4,0.6480740698407861,-0.058,0.003,-0.029,3.88585,3.77169,2
1772145885.8353941,-0.1,1.2,0.4,1.268857754044952,-0.115,0.001,-0.031,3.88585,3.784237,2
1772145885.861745,0.0,0.0,2.2,2.2,-0.054,-0.031,-0.01899,3.8708940000000003,3.796784,2
1772145885.8880937,-0.1,0.4,1.1,1.174734012447073,-0.037,-0.002,-0.024,3.8708940000000003,3.796784,2
1772145885.9143536,-0.4,0.6,0.6,0.938083151964686,-0.091,-0.015,-0.033,3.8708940000000003,3.796784,2
1772145885.9406955,-0.3,0.8,1.8,1.9924858845171276,-0.042,0.01,-0.02,3.8708940000000003,3.796784,2
1772145885.9669406,0.6,0.7,1.0,1.3601470508735443,-0.057,0.005,-0.034,3.8708940000000003,3.796784,2
1772145885.9933202,0.1,0.3,1.1,1.14455231422596,-0.042,0.00899,-0.02,3.8708940000000003,3.796784,2
1772145886.0196495,-0.3,0.5,1.4,1.51657508881031,-0.032,0.003,-0.03,3.8708940000000003,3.796784,2
1772145886.0459251,0.0,0.6,0.3,0.6708203932499369,-0.048,0.021,-0.03,3.8708940000000003,3.796784,2
1772145886.0722566,-1.1,2.1,-0.6,2.445403852127497,-0.168,-0.056,-0.026,3.8708940000000003,3.796784,2
1772145886.0984793,0.8,0.9,0.8,1.445683229480096,-0.059,0.034,-0.034,3.8634160000000004,3.796784,2
1772145886.1247408,-0.6,1.9,0.3,2.0149441679609885,-0.157,-0.012,-0.032,3.8559379999999996,3.8218780000000003,2
1772145886.1510165,0.5,1.6,0.3,1.7029386365926402,-0.14,0.048,-0.039,3.8559379999999996,3.8218780000000003,2
1772145886.1773496,-0.6,1.0,-0.1,1.1704699910719625,-0.064,-0.029,-0.023,3.8484599999999998,3.8218780000000003,2
1772145886.2037935,-0.2,1.9,1.1,2.2045407685048604,-0.158,-0.017,-0.03,3.840982,3.8218780000000003,2
1772145886.2300289,0.0,1.3,0.6,1.4317821063276355,-0.096,0.008,-0.035,3.840982,3.8218780000000003,2
1772145886.2563336,-0.1,1.3,0.2,1.319090595827292,-0.105,0.007,-0.031,3.840982,3.8218780000000003,2
1772145886.282667,-0.3,1.3,0.1,1.3379088160259653,-0.101,0.006,-0.03799,3.840982,3.8218780000000003,2
1772145886.3089013,-0.3,0.9,0.4,1.0295630140987,-0.097,-0.005,-0.03799,3.840982,3.8218780000000003,2
1772145886.3351605,0.5,0.6,1.0,1.268857754044952,-0.056,0.034,-0.042,3.840982,3.8218780000000003,2
1772145886.3614473,0.0,0.0,0.0,0.0,0.0,0.0,0.0,3.840982,3.8218780000000003,2
1772145886.4077961,0.0,1.1,0.6,1.252996408614167,-0.067,0.015,-0.041,3.840982,3.8218780000000003,2
1772145886.4340947,0.0,0.9,-0.4,0.9848857801796105,-0.095,0.063,-0.02,3.840982,3.8218780000000003,2
1772145886.4604194,0.4,0.9,0.0,0.9848857801796105,-0.09,0.066,-0.011,3.840982,3.8218780000000003,2
1772145886.486727,-0.1,1.1,1.0,1.489966442575134,-0.133,-0.052,-0.043,3.840982,3.8218780000000003,2
1772145886.5130055,0.1,0.9,2.0,2.195449840010015,-0.094,-0.043,-0.034,3.840982,3.8218780000000003,2
1772145886.5392864,-0.2,1.0,-0.3,1.063014581273465,-0.029,0.026,-0.034,3.840982,3.8218780000000003,2
1772145886.5657144,-0.3,1.3,0.3,1.3674794331177345,-0.071,0.021,-0.033,3.840982,3.8218780000000003,2
1772145886.5921385,0.0,0.5,0.5,0.7071067811865476,-0.044,0.026,-0.033,3.840982,3.8218780000000003,2
1772145886.6184664,-0.1,0.8,0.4,0.9000000000000001,-0.07,0.006,-0.031,3.840982,3.8218780000000003,2
1772145886.6448255,0.2,1.3,1.3,1.849324200890693,-0.11,0.01799,-0.042,3.840982,3.8218780000000003,2
1772145886.6711073,0.4,0.8,1.6,1.8330302779823362,-0.104,0.046,-0.02,3.840982,3.8218780000000003,2
1772145886.6973753,-0.3,0.8,1.8,1.9924858845171276,-0.07599,-0.087,-0.047,3.840982,3.8218780000000003,2
1772145886.723816,-0.3,0.7,0.4,0.8602325267042626,-0.083,-0.058,-0.044,3.840982,3.8218780000000003,2
1772145886.7500632,0.1,0.9,0.6,1.0862780491200217,-0.053,0.017,-0.031,3.840982,3.8218780000000003,2
1772145886.7764084,0.0,0.0,0.0,0.0,0.0,0.0,0.0,3.840982,3.8218780000000003,2
1772145886.822834,-0.3,0.7,0.5,0.9110433579144299,-0.032,-0.056,-0.035,3.840982,3.8218780000000003,2
1772145886.8491182,0.0,1.0,0.6,1.16619037896906,-0.066,0.046,-0.01799,3.840982,3.8218780000000003,2
1772145886.8754778,0.0,0.0,0.0,0.0,0.0,0.0,0.0,3.840982,3.8218780000000003,2
1772145886.921963,0.1,1.0,0.2,1.02469507659596,-0.07599,0.058,-0.024,3.840982,3.8218780000000003,2
1772145886.948328,-0.2,0.7,0.7,1.0099504938362076,-0.098,-0.034,-0.043,3.840982,3.8218780000000003,2
1772145886.9746115,-0.1,0.9,0.2,0.9273618495495705,-0.057,-0.012,-0.046,3.840982,3.8218780000000003,2
1772145887.000993,-0.1,1.2,0.7,1.3928388277184118,-0.066,0.025,-0.024,3.840982,3.8218780000000003,2
1772145887.0273817,0.1,0.8,0.3,0.8602325267042628,-0.104,-0.023,-0.03799,3.840982,3.8218780000000003,2
1772145887.0536497,0.0,0.3,0.8,0.8544003745317532,0.01,-0.01799,-0.03,3.840982,3.8218780000000003,2
1772145887.0799363,0.7,-0.6,-0.7,1.1575836902790224,0.03799,0.073,-0.016,3.8559379999999996,3.796784,2
1772145887.106209,0.7,-1.0,0.6,1.3601470508735443,0.082,-0.00899,-0.025,3.893328,3.708955,2
1772145887.1324186,0.6,-0.9,-0.2,1.1,0.127,0.094,-0.005,3.9157620000000004,3.658767,2
1772145887.1587014,0.0,0.0,0.0,0.0,0.0,0.0,0.0,3.9755860000000003,3.4956560000000003,2
1772145887.2052345,0.0,0.0,0.0,0.0,0.0,0.0,0.0,4.057844,3.2321690000000003,2
1772145887.2515678,-0.1,-1.5,-0.6,1.6186414056238645,0.184,-0.041,0.023,4.072800000000001,3.1694340000000003,2
1772145887.2778583,-0.3,-1.6,-1.1,1.9646882704388502,0.171,-0.047,0.003,4.0952340000000005,3.106699,2
1772145887.3041158,0.0,0.0,0.0,0.0,0.0,0.0,0.0,4.184970000000001,2.8934,2
1772145887.3503997,0.1,-1.9,-0.9,2.1047565179849186,0.179,-0.007,0.032,4.22236,2.818118,2
1772145887.3767824,0.5,-1.9,-0.2,1.9748417658131499,0.181,0.01799,0.037,4.244794000000001,2.7679300000000002,2
1772145887.403097,0.2,-2.3,-0.6,2.3853720883753127,0.226,-0.022,0.033,4.297140000000001,2.655007,2
1772145887.4293833,0.4,-2.1,-0.6,2.220360331117452,0.193,0.01799,0.034,4.327052,2.604819,2
1772145887.4556198,-0.2,-2.1,-1.7,2.7092434368288134,0.227,-0.017,0.033,4.349486000000001,2.567178,2
1772145887.4819424,0.2,-2.5,-1.7,3.0298514815086235,0.223,0.017,0.045,4.401832000000001,2.491896,2
1772145887.5081632,0.2,-2.1,-0.5,2.16794833886788,0.156,-0.055,0.041,4.416788,2.454255,2
1772145887.5343788,0.3,-2.1,-2.4,3.2031234756093934,0.197,-0.025,0.013,4.431744,2.416614,2
1772145887.5606833,0.5,-2.3,-1.1,2.5980762113533156,0.141,-0.001,0.042,4.469134,2.366426,2
1772145887.5870323,0.2,-2.5,-1.0,2.7,0.14399,-0.003,0.074,4.491568000000001,2.353879,2
1772145887.6133494,0.2,-2.3,0.1,2.3108440016582685,0.162,-0.033,0.073,4.52148,2.3162380000000002,2
1772145887.639605,0.2,-2.4,-1.6,2.891366458960192,0.215,-0.024,0.034,4.536436,2.278597,2
1772145887.6659486,0.4,-2.7,-2.8,3.9102429592034302,0.199,0.001,0.043,4.558870000000001,2.228409,2
1772145887.6922042,0.0,0.0,0.0,0.0,0.0,0.0,0.0,4.611216000000001,2.1907680000000003,2
1772145887.7388132,0.0,0.0,0.0,0.0,0.0,0.0,0.0,4.663562000000001,2.153127,2
1772145887.7852361,-0.3,-2.7,-1.5,3.10322412983658,0.203,-0.116,0.028,4.708430000000001,2.153127,2
1772145887.8115804,0.1,-2.5,-2.8,3.7549966711037173,0.199,-0.005,0.024,4.730864,2.153127,2
1772145887.8378162,0.1,-2.6,-0.1,2.6038433132583076,0.178,-0.081,0.058,4.760776000000001,2.153127,2
1772145887.864088,0.2,-3.0,-1.4,3.3166247903553994,0.206,-0.08,0.064,4.8280780000000005,2.165674,2
1772145887.8904479,0.0,-3.5,-2.2,4.1340053217188775,0.237,-0.094,0.065,4.865468000000001,2.1907680000000003,2
1772145887.916778,0.0,0.0,0.0,0.0,0.0,0.0,0.0,4.955204,2.2660500000000003,2
1772145887.9637325,-0.1,-3.6,-1.5,3.901281840626232,0.25,-0.07199,0.088,5.052418,2.3287850000000003,2
1772145887.9899693,0.1,-4.1,-2.8,4.965883607174055,0.26499,-0.081,0.081,5.104764,2.39152,2
1772145888.016354,0.0,-4.3,-2.4,4.924428900898052,0.28099,-0.15,0.084,5.164588,2.441708,2
1772145888.0426471,-0.2,-4.3,-3.5,5.547972602672078,0.293,-0.092,0.105,5.284236000000001,2.542084,2
1772145888.0690022,0.2,-4.6,-2.6,5.287721626560914,0.291,-0.109,0.09,5.351538000000001,2.617366,2
1772145888.0952132,0.0,-4.7,-2.5,5.323532661682466,0.296,-0.136,0.109,5.41884,2.692648,2
1772145888.1215312,0.0,-4.7,-2.9,5.522680508593631,0.291,-0.097,0.109,5.5684000000000005,2.855759,2
1772145888.1478374,0.2,-5.1,-3.4,6.132699242584786,0.286,-0.114,0.092,5.64318,2.943588,2
1772145888.1741226,0.1,-5.4,-3.1,6.227358990776106,0.307,-0.176,0.098,5.717960000000001,3.0314170000000003,2
1772145888.200388,0.3,-5.2,-4.3,6.754257916307313,0.319,-0.043,0.123,5.889954,3.244716,2
1772145888.2267382,0.0,0.0,0.0,0.0,0.0,0.0,0.0,6.076904000000001,3.458015,2
1772145888.273082,0.1,-6.3,-5.0,8.04363102087608,0.354,-0.132,0.123,6.174118000000001,3.570938,2
1772145888.2994187,0.4,-6.1,-4.3,7.473954776421917,0.341,-0.069,0.153,6.278810000000001,3.671314,2
1772145888.3256783,0.5,-6.4,-5.6,8.518802732778827,0.346,-0.064,0.155,6.503150000000001,3.89716,2
1772145888.3520546,0.6,-6.8,-4.9,8.402975663418287,0.354,-0.099,0.153,6.6153200000000005,4.02263,2
1772145888.378413,0.0,-7.2,-4.8,8.653323061113573,0.352,-0.182,0.155,6.734968,4.1481,2
1772145888.4047532,0.3,-7.1,-5.8,9.172785836374901,0.376,-0.107,0.171,6.974264000000001,4.373946,2
1772145888.431058,0.4,-7.6,-5.4,9.331666517830564,0.339,-0.177,0.164,7.10139,4.486869,2
1772145888.4573438,0.3,-7.9,-6.0,9.924716620639604,0.37,-0.198,0.165,7.228516000000001,4.612339,2
1772145888.4836597,0.1,-8.2,-7.2,10.91283647820309,0.397,-0.172,0.181,7.5126800000000005,4.863279,2
1772145888.5099413,0.0,0.0,0.0,0.0,0.0,0.0,0.0,7.796844,5.089125000000001,2
1772145888.5563786,0.0,0.0,0.0,0.0,0.0,0.0,0.0,8.095964,5.327518,2
1772145888.602827,0.5,-9.6,-7.8,12.379418403139947,0.449,-0.204,0.207,8.41004,5.5408170000000005,2
1772145888.629233,0.7,-9.4,-8.5,12.692517480783708,0.441,-0.111,0.221,8.574556000000001,5.653740000000001,2
1772145888.655518,0.0,0.0,0.0,0.0,0.0,0.0,0.0,8.89611,5.867039000000001,2
1772145888.7018554,0.4,-10.5,-10.0,14.505516192124981,0.462,-0.183,0.244,9.225142,6.080338000000001,2
1772145888.7281015,0.3,-11.0,-9.6,14.603081866510234,0.47,-0.257,0.229,9.389658,6.168167,2
1772145888.7544763,0.5,-11.0,-9.0,14.221462653327892,0.478,-0.241,0.248,9.546696,6.243449000000001,2
1772145888.7808347,0.9,-11.4,-9.0,14.552319402761885,0.462,-0.181,0.256,9.845816000000001,6.331278000000001,2
1772145888.807104,0.3,-11.7,-10.4,15.656947339759434,0.551,-0.266,0.246,9.995376,6.343825000000001,2
1772145888.833461,0.4,-11.7,-10.9,15.995624401691858,0.535,-0.239,0.273,10.137458,6.368919000000001,2
1772145888.8598063,0.7,-12.1,-11.0,16.36765102267274,0.561,-0.225,0.261,10.391710000000002,6.331278000000001,2
1772145888.8860412,0.2,-11.2,-11.3,15.911316727411343,0.521,-0.212,0.236,10.46649,6.306184000000001,2
1772145888.9122524,0.5,-10.7,-10.3,14.860349928585126,0.492,-0.163,0.233,10.511358000000001,6.281090000000001,2
1772145888.9384625,0.0,0.0,0.0,0.0,0.0,0.0,0.0,10.473968000000001,6.180714000000001,2
1772145888.984929,0.3,-8.9,-8.5,12.310564568694646,0.405,-0.188,0.188,10.331886,6.080338000000001,2
1772145889.0112371,0.0,0.0,0.0,0.0,0.0,0.0,0.0,10.092590000000001,5.929774000000001,2
1772145889.0575242,0.2,-6.8,-7.1,9.833107342035884,0.32,-0.083,0.167,9.950508000000001,5.867039000000001,2
1772145889.0838935,0.4,-6.3,-5.7,8.505292469985967,0.25099,-0.081,0.145,9.606520000000002,5.716475000000001,2
1772145889.1102233,0.1,-6.1,-5.8,8.417838202293982,0.25799,-0.156,0.116,9.412092000000001,5.6662870000000005,2
1772145889.1364748,0.1,-5.1,-4.5,6.8022055246809465,0.2,-0.099,0.108,9.210186,5.591005000000001,2
1772145889.162915,0.1,-4.3,-5.0,6.59545297913646,0.15,-0.056,0.1,8.761506,5.452988,2
1772145889.18926,0.1,-4.4,-3.9,5.880476171195663,0.117,-0.122,0.078,8.529688,5.365159000000001,2
1772145889.215497,-0.2,-3.8,-4.4,5.817215828899595,0.122,-0.095,0.063,8.297870000000001,5.277330000000001,2
1772145889.2418287,-0.1,-3.5,-3.6,5.021951811795888,0.142,-0.07599,0.082,7.819278000000001,5.038937000000001,2
1772145889.2681427,0.3,-3.0,-3.9,4.9295030175464944,0.121,-0.022,0.065,7.572504,4.913467000000001,2
1772145889.2944736,0.1,-2.5,-3.7,4.466542286825459,0.104,-0.005,0.07,7.333208000000001,4.787997000000001,2
1772145889.3207448,0.2,-2.7,-4.1,4.913247398615299,0.084,-0.029,0.043,6.8770500000000006,4.52451,2
1772145889.3470144,-0.4,-2.3,-2.8,3.645545226711637,0.071,-0.097,0.034,6.652710000000001,4.373946,2
1772145889.373327,-0.2,-2.1,-2.2,3.047950130825634,0.07199,-0.05,0.031,6.443326000000001,4.2359290000000005,2
1772145889.3995817,0.1,-2.5,-2.3,3.3985290935932855,0.065,-0.064,0.031,6.0918600000000005,3.997536,2
1772145889.4259596,-0.1,-2.0,-2.4,3.1256999216175565,0.105,-0.058,0.04,5.949778,3.909707,2
1772145889.4522154,0.2,-2.5,-2.8,3.7589892258425004,0.113,-0.007,0.022,5.822652000000001,3.8218780000000003,2
1772145889.4785225,0.0,0.0,0.0,0.0,0.0,0.0,0.0,5.613268000000001,3.671314,2
1772145889.5249732,0.1,-2.5,-2.8,3.7549966711037173,0.124,-0.01,0.06,5.478664,3.570938,2
1772145889.5512924,0.3,-3.1,-3.9,4.990991885387112,0.111,-0.067,0.044,5.448752000000001,3.533297,2
1772145889.5776463,0.0,0.0,0.0,0.0,0.0,0.0,0.0,5.41884,3.4956560000000003,2
1772145889.6240504,0.2,-3.3,-4.8,5.8283788483591215,0.161,-0.062,0.068,5.433796,3.4831090000000002,2
1772145889.650442,0.4,-3.7,-3.4,5.040833264451424,0.166,-0.047,0.051,5.4637080000000005,3.4956560000000003,2
1772145889.676768,0.3,-3.9,-3.2,5.053711507397311,0.15099,-0.07199,0.051,5.508576000000001,3.52075,2
1772145889.7030387,0.0,-4.3,-5.0,6.594694837519018,0.163,-0.092,0.054,5.605790000000001,3.570938,2
1772145889.7292957,0.3,-4.1,-5.3,6.707458535093601,0.178,-0.057,0.087,5.665614000000001,3.608579,2
1772145889.755646,0.2,-4.1,-4.4,6.017474553332153,0.172,-0.068,0.082,5.7254380000000005,3.658767,2
1772145889.7818356,0.5,-4.5,-4.4,6.313477647065839,0.15,-0.066,0.062,5.860042000000001,3.77169,2
1772145889.8081224,0.2,-3.2,-1.6,3.5832945734337835,0.174,-0.024,-0.007,5.852564,3.658767,2
1772145889.8345737,-0.6,1.5,-1.2,2.0124611797498106,-0.074,0.069,0.001,5.583356,3.570938,2
1772145889.8608243,0.0,0.0,0.0,0.0,0.0,0.0,0.0,4.805644000000001,3.64622,2
1772145889.9072447,0.0,0.0,0.0,0.0,0.0,0.0,0.0,4.424266,3.608579,2
1772145889.9535859,-0.1,0.4,-0.8,0.9000000000000001,-0.03599,0.03799,-0.024,4.274706,3.583485,2
1772145889.9800878,-0.4,0.8,1.2,1.4966629547095767,-0.039,0.008,-0.031,4.020454000000001,3.570938,2
1772145890.0063555,0.0,0.0,0.0,0.0,0.0,0.0,0.0,3.826026,3.570938,2
1772145890.0527475,0.1,0.8,-0.5,0.9486832980505139,-0.059,0.042,-0.031,3.73629,3.570938,2
1772145890.0789907,-0.1,0.6,-0.1,0.6164414002968976,-0.078,0.013,-0.03599,3.6091640000000003,3.533297,2
1772145890.1053133,-0.4,0.2,0.4,0.6000000000000001,-0.078,-0.05,-0.03799,3.556818,3.52075,2
1772145890.1316433,-0.3,0.9,0.1,0.9539392014169457,-0.102,0.01,-0.039,3.51195,3.52075,2
1772145890.1579046,0.0,0.7,0.0,0.7,-0.113,0.005,-0.032,3.467082,3.52075,2
1772145890.1842012,0.0,0.5,-0.1,0.5099019513592785,-0.093,0.016,-0.028,3.392302,3.52075,2
1772145890.2104874,-0.7,0.9,-0.3,1.1789826122551597,-0.079,-0.012,-0.037,3.36239,3.52075,2
1772145890.236812,0.2,1.0,-0.4,1.0954451150103324,-0.117,0.056,-0.01799,3.339956,3.52075,2
1772145890.2630801,0.0,0.6,-1.5,1.6155494421403511,-0.086,0.053,-0.028,3.302566,3.545844,2
1772145890.2893744,0.0,0.0,0.0,0.0,0.0,0.0,0.0,3.28761,3.583485,2
1772145890.3357813,-0.2,0.6,-0.3,0.7,-0.12,-0.046,-0.045,3.28761,3.608579,2
1772145890.3621273,-0.4,0.9,-1.1,1.47648230602334,-0.13,0.01,-0.03599,3.295088,3.671314,2
1772145890.3883345,0.2,0.8,-0.9,1.2206555615733703,-0.15,0.033,-0.022,3.302566,3.708955,2
1772145890.4146535,-0.1,0.9,-0.3,0.9539392014169457,-0.123,-0.001,-0.015,3.325,3.77169,2
1772145890.4409285,0.1,0.9,-0.4,0.9899494936611666,-0.185,0.001,-0.026,3.36239,3.89716,2
1772145890.4672306,-0.2,1.0,-0.9,1.3601470508735443,-0.168,0.007,-0.01899,3.392302,3.959895,2
1772145890.4934468,0.0,0.8,-2.0,2.154065922853802,-0.173,0.002,-0.03,3.422214,4.035177,2
1772145890.5197995,0.0,1.0,-0.6,1.16619037896906,-0.215,-0.032,-0.034,3.489516,4.198288000000001,2
1772145890.5462518,-0.1,-0.1,-3.1,3.10322412983658,-0.187,-0.045,-0.017,3.51195,4.336305,2
1772145890.5724666,0.0,0.1,-3.3,3.3015148038438356,-0.29,-0.084,-0.01799,3.482038,4.499416000000001,2
1772145890.5987203,-0.5,0.5,-5.6,5.644466316668034,-0.39,-0.105,-0.014,3.339956,4.900920000000001,2
1772145890.6250663,-0.4,0.6,-8.5,8.530533394811838,-0.485,-0.171,-0.015,3.235264,5.114219,2
1772145890.6514711,-0.4,0.9,-8.0,8.060397012554654,-0.575,-0.187,-0.008,3.115616,5.340065000000001,2
1772145890.6778283,-0.7,0.5,-8.9,8.941476388158724,-0.65499,-0.28099,-0.012,2.9810119999999998,5.591005000000001,2
1772145890.7041183,-0.6,1.0,-9.5,9.57131129992124,-0.82,-0.323,-0.008,2.674414,6.155620000000001,2
1772145890.730589,-0.4,0.8,-12.0,12.033287165193059,-0.899,-0.307,0.004,2.50242,6.456748000000001,2
1772145890.7569125,-0.9,1.0,-13.6,13.666382110858747,-1.01699,-0.398,-0.007,2.330426,6.782970000000001,2
1772145890.783151,-0.9,0.7,-15.4,15.442150109359773,-1.121,-0.443,-0.001,1.956526,7.53579,2
1772145890.8095763,0.0,0.0,0.0,0.0,0.0,0.0,0.0,1.582626,8.426627000000002,2
1772145890.856041,-0.6,0.5,-19.5,19.515634757803806,-1.462,-0.593,0.024,1.4031540000000002,8.91596,2
1772145890.8823757,-0.8,0.6,-21.5,21.523243250030884,-1.616,-0.642,0.016,1.059166,10.007549000000001,2
1772145890.9086707,0.0,0.0,0.0,0.0,0.0,0.0,0.0,0.797436,11.199514,2
1772145890.9551532,-0.9,0.2,-26.6,26.615972648017205,-1.984,-0.811,0.004,0.6852660000000002,11.851958000000002,2
1772145890.9813852,-0.9,0.2,-28.7,28.714804543997857,-2.08699,-0.851,0.011,0.5057940000000001,13.194487,2
1772145891.0076025,-0.8,0.5,-29.8,29.81492914631863,-2.26,-0.888,0.013,0.43849200000000005,13.872025,2
1772145891.0340223,-0.8,0.1,-32.0,32.01015463880173,-2.395,-0.977,0.007,0.37866800000000006,14.537016000000001,2
1772145891.0602343,-0.7,0.3,-33.7,33.70860424283391,-2.506,-1.008,0.007,0.28145400000000004,15.841904000000001,2
1772145891.0864418,-0.5,0.5,-34.4,34.40726667435238,-2.675,-1.052,0.014,0.23658600000000002,16.469254000000003,2
1772145891.1127932,-0.6,0.4,-36.9,36.907045397864074,-2.782,-1.09,0.008,0.1991960000000001,17.084057,2
1772145891.139233,-0.7,0.5,-38.9,38.90951040555509,-2.948,-1.146,0.013,0.1468500000000001,18.225834000000003,2
1772145891.1655476,-0.8,0.6,-40.1,40.112466889983224,-3.096,-1.23,0.014,0.11693800000000004,18.790449000000002,2
1772145891.1919274,0.0,0.0,0.0,0.0,0.0,0.0,0.0,0.07207000000000002,19.856944000000002,2
1772145891.238306,0.0,0.0,0.0,0.0,0.0,0.0,0.0,0.034680000000000044,21.462960000000002,2
1772145891.2846448,-0.6,1.1,-48.2,48.21628355649158,-3.78,-1.431,0.015,0.02720200000000006,21.977387,2
1772145891.3109655,-0.3,1.2,-49.3,49.31551480011133,-3.901,-1.469,0.022,0.012246000000000035,22.516908,2
