Timestamp_Epoch,Index_Force_N,Thumb_Force_N,Phase
1771012879.196239,-0.2794,0.5220,0
1771012879.202366,-0.2794,0.5220,0
1771012879.208490,-0.2794,0.5220,0
1771012879.214614,-0.2794,0.5220,0
1771012879.220731,-0.2794,0.5220,0
1771012879.226831,-0.2794,0.5220,0
1771012879.232930,-0.2794,0.5220,0
1771012879.239059,-0.2794,0.5220,0
1771012879.245165,-0.2794,0.5220,0
1771012879.251313,-0.2794,0.5220,0
1771012879.257413,-0.2794,0.5220,0
1771012879.263502,-0.2794,0.5220,0
1771012879.269699,-0.2794,0.5220,0
1771012879.275819,-0.2794,0.5220,0
1771012879.281912,-0.2794,0.5220,0
1771012879.287999,-0.2794,0.5220,0
1771012879.294233,-0.2794,0.5220,0
1771012879.300352,-0.2794,0.5220,0
1771012879.306459,-0.2794,0.5220,0
1771012879.312559,-0.2794,0.5220,0
1771012879.318687,-0.2794,0.5220,0
1771012879.324810,-0.2794,0.5220,0
1771012879.330914,-0.2794,0.5220,0
1771012879.337012,-0.2794,0.5220,0
1771012879.343151,-0.2794,0.5220,0
1771012879.349272,-0.2794,0.5220,0
1771012879.355392,-0.2794,0.5220,0
1771012879.361516,-0.2794,0.5220,0
1771012879.367727,-0.2794,0.5220,0
1771012879.373845,-0.2794,0.5220,0
1771012879.380078,-0.2794,0.5220,0
1771012879.386203,-0.2794,0.5220,0
1771012879.392306,-0.2794,0.5220,0
1771012879.398433,-0.2794,0.5220,0
1771012879.404577,-0.2794,0.5220,0
1771012879.410743,-0.2794,0.5220,0
1771012879.416876,-0.2794,0.5220,0
1771012879.423001,-0.2794,0.5220,0
1771012879.429131,-0.2794,0.5220,0
1771012879.435236,-0.2794,0.5220,0
1771012879.441346,-0.2794,0.5220,0
1771012879.447446,-0.2794,0.5220,0
1771012879.453639,-0.2794,0.5220,0
1771012879.459768,-0.2794,0.5220,0
1771012879.465891,-0.2794,0.5220,0
1771012879.471987,-0.2794,0.5220,0
1771012879.478126,-0.2794,0.5220,0
1771012879.484236,-0.2794,0.5220,0
1771012879.490341,-0.2794,0.5220,0
1771012879.496447,-0.2794,0.5220,0
1771012879.502577,-0.2794,0.5220,0
1771012879.508799,-0.2794,0.5220,0
1771012879.514899,-0.2794,0.5220,0
1771012879.521010,-0.2794,0.5220,0
1771012879.527143,-0.2794,0.5220,0
1771012879.533233,-0.2794,0.5220,0
1771012879.539331,-0.2794,0.5220,0
1771012879.545440,-0.2794,0.5220,0
1771012879.551631,-0.2794,0.5220,0
1771012879.557770,-0.2794,0.5220,0
1771012879.563993,-0.2794,0.5220,0
1771012879.570087,-0.2794,0.5220,0
1771012879.576267,-0.2794,0.5220,0
1771012879.582367,-0.2794,0.5220,0
1771012879.588466,-0.2794,0.5220,0
1771012879.594597,-0.2794,0.5220,0
1771012879.600722,-0.2794,0.5220,0
1771012879.606853,-0.2794,0.5220,0
1771012879.613072,-0.2794,0.5220,0
1771012879.619199,-0.2794,0.5220,0
1771012879.625320,-0.2794,0.5220,0
1771012879.631448,-0.2794,0.5220,0
1771012879.637538,-0.2794,0.5220,0
1771012879.643682,-0.2794,0.5220,0
1771012879.649827,-0.2794,0.5220,0
1771012879.655978,-0.2794,0.5220,0
1771012879.662116,-0.2794,0.5220,0
1771012879.668256,-0.2794,0.5220,0
1771012879.674366,-0.2794,0.5220,0
1771012879.680478,-0.2794,0.5220,0
1771012879.686682,-0.2794,0.5220,0
1771012879.692805,-0.2794,0.5220,0
1771012879.698901,-0.2794,0.5220,0
1771012879.704990,-0.2794,0.5220,0
1771012879.711119,-0.2794,0.5220,0
1771012879.717319,-0.2794,0.5220,0
1771012879.723449,-0.2794,0.5220,0
1771012879.729553,-0.2794,0.5220,0
1771012879.735763,-0.2794,0.5220,0
1771012879.741978,-0.2794,0.5220,0
1771012879.748221,-0.2794,0.5220,0
1771012879.754326,-0.2794,0.5220,0
1771012879.760454,-0.2794,0.5220,0
1771012879.766662,-0.2794,0.5220,0
1771012879.772784,-0.2794,0.5220,0
1771012879.778909,-0.2794,0.5220,0
1771012879.785023,-0.2794,0.5220,0
1771012879.791150,-0.2794,0.5220,0
1771012879.797353,-0.2794,0.5220,0
1771012879.803551,-0.2794,0.5220,0
1771012879.809675,-0.2794,0.5220,0
1771012879.815773,-0.2794,0.5220,0
1771012879.821869,-0.2794,0.5220,0
1771012879.828098,-0.2794,0.5220,0
1771012879.834220,-0.2794,0.5220,0
1771012879.840325,-0.2794,0.5220,0
1771012879.846432,-0.2794,0.5220,0
1771012879.852526,-0.2794,0.5220,0
1771012879.858628,-0.2794,0.5220,0
1771012879.864740,-0.2794,0.5220,0
1771012879.870948,-0.2794,0.5220,0
1771012879.877141,-0.2794,0.5220,0
1771012879.883244,-0.2794,0.5220,0
1771012879.889340,-0.2794,0.5220,0
1771012879.895438,-0.2794,0.5220,0
1771012879.901529,-0.2794,0.5220,0
1771012879.907698,-0.2794,0.5220,0
1771012879.913828,-0.2794,0.5220,0
1771012879.919950,-0.2794,0.5220,0
1771012879.926163,-0.2794,0.5220,0
1771012879.932301,-0.2794,0.5220,0
1771012879.938394,-0.2794,0.5220,0
1771012879.944517,-0.2794,0.5220,0
1771012879.950727,-0.2794,0.5220,0
1771012879.956831,-0.2794,0.5220,0
1771012879.962935,-0.2794,0.5220,0
1771012879.969033,-0.2794,0.5220,0
1771012879.975166,-0.2794,0.5220,0
1771012879.981312,-0.2794,0.5220,0
1771012879.987461,-0.2794,0.5220,0
1771012879.993578,-0.2794,0.5220,0
1771012879.999905,-0.2794,0.5220,0
1771012880.006017,-0.2794,0.5220,0
1771012880.012280,-0.2794,0.5220,0
1771012880.018376,-0.2794,0.5220,0
1771012880.024476,-0.2794,0.5220,0
1771012880.030589,-0.2794,0.5220,0
1771012880.036758,-0.2794,0.5220,0
1771012880.042889,-0.2794,0.5220,0
1771012880.049014,-0.2794,0.5220,0
1771012880.055112,-0.2794,0.5220,0
1771012880.061262,-0.2794,0.5220,0
1771012880.067357,-0.2794,0.5220,0
1771012880.073485,-0.2794,0.5220,0
1771012880.079693,-0.2794,0.5220,0
1771012880.085896,-0.2794,0.5220,0
1771012880.092179,-0.2794,0.5220,0
1771012880.098305,-0.2794,0.5220,0
1771012880.104396,-0.2794,0.5220,0
1771012880.110606,-0.2794,0.5220,0
1771012880.116822,-0.2794,0.5220,0
1771012880.122919,-0.2794,0.5220,0
1771012880.129046,-0.2794,0.5220,0
1771012880.135257,-0.2794,0.5220,0
1771012880.141357,-0.2794,0.5220,0
1771012880.147477,-0.2794,0.5220,0
1771012880.153599,-0.2794,0.5722,0
1771012880.159819,-0.2794,0.5722,0
1771012880.166031,-0.2794,0.5722,0
1771012880.172126,-0.2794,0.6600,0
1771012880.178261,-0.2794,0.6600,0
1771012880.184355,-0.2794,0.6600,0
1771012880.190481,-0.2869,0.8859,0
1771012880.196694,-0.2869,0.8859,0
1771012880.202810,-0.2869,0.8859,0
1771012880.208941,-0.2869,1.2874,0
1771012880.227295,-0.2869,1.2874,1
1771012880.233408,-0.3018,1.8645,1
1771012880.239531,-0.3018,1.8645,1
1771012880.245747,-0.3018,1.8645,1
1771012880.251953,-0.3018,2.4919,1
1771012880.258048,-0.3018,2.4919,1
1771012880.264184,-0.3018,2.4919,1
1771012880.270337,-0.3018,3.1067,1
1771012880.276434,-0.3018,3.1067,1
1771012880.282555,-0.3018,3.1067,1
1771012880.288655,-0.3018,3.6086,1
1771012880.294872,-0.3018,3.6086,1
1771012880.300992,-0.3018,3.6086,1
1771012880.307093,-0.3018,3.6086,1
1771012880.313252,-0.3018,4.0728,1
1771012880.319343,-0.3018,4.0728,1
1771012880.325517,-0.3018,4.0728,1
1771012880.331639,-0.3018,4.4492,1
1771012880.337758,-0.3018,4.4492,1
1771012880.343936,-0.3018,4.4492,1
1771012880.350070,-0.3018,4.5496,1
1771012880.356184,-0.3018,4.5496,1
1771012880.362309,-0.3018,4.5496,1
1771012880.368404,-0.3018,4.3614,1
1771012880.374549,-0.3018,4.3614,1
1771012880.380672,-0.3018,4.3614,1
1771012880.386789,-0.3018,4.3614,1
1771012880.392916,-0.3018,3.9599,1
1771012880.399039,-0.3018,3.9599,1
1771012880.405155,-0.3018,3.9599,1
1771012880.411257,-0.3018,3.5333,1
1771012880.417350,-0.3018,3.5333,1
1771012880.423445,-0.3018,3.5333,1
1771012880.429656,-0.3018,3.1192,1
1771012880.435769,-0.3018,3.1192,1
1771012880.441868,-0.3018,3.1192,1
1771012880.447999,-0.3018,2.7805,1
1771012880.454221,-0.3018,2.7805,1
1771012880.460341,-0.3018,2.7805,1
1771012880.466437,-0.3018,2.7805,1
1771012880.472534,-0.3018,2.4919,1
1771012880.478744,-0.3018,2.4919,1
1771012880.484955,-0.3018,2.4919,1
1771012880.491090,-0.3018,2.2284,1
1771012880.497192,-0.3018,2.2284,1
1771012880.503283,-0.3018,2.2284,1
1771012880.509380,-0.3018,1.9900,1
1771012880.515498,-0.3018,1.9900,1
1771012880.521583,-0.3018,1.9900,1
1771012880.527786,-0.3093,1.7767,1
1771012880.533990,-0.3093,1.7767,1
1771012880.540117,-0.3093,1.7767,1
1771012880.546188,-0.3093,1.7767,1
1771012880.552268,-0.3093,1.6011,1
1771012880.558373,-0.3093,1.6011,1
1771012880.564499,-0.3093,1.6011,1
1771012880.570609,-0.3093,1.4379,1
1771012880.576706,-0.3093,1.4379,1
1771012880.582922,-0.3093,1.4379,1
1771012880.589011,-0.3093,1.3125,1
1771012880.595129,-0.3093,1.3125,1
1771012880.601225,-0.3093,1.3125,1
1771012880.607326,-0.3093,1.1996,1
1771012880.613422,-0.3093,1.1996,1
1771012880.619621,-0.3093,1.1996,1
1771012880.625721,-0.3093,1.1996,1
1771012880.631927,-0.3093,1.0992,1
1771012880.638027,-0.3093,1.0992,1
1771012880.644271,-0.3093,1.0992,1
1771012880.650402,-0.3093,1.0114,1
1771012880.656530,-0.3093,1.0114,1
1771012880.662753,-0.3093,1.0114,1
1771012880.668885,-0.3093,0.9361,1
1771012880.675022,-0.3093,0.9361,1
1771012880.681129,-0.3093,0.9361,1
1771012880.687304,-0.3093,0.8608,1
1771012880.693411,-0.3093,0.8608,1
1771012880.699629,-0.3093,0.8608,1
1771012880.705743,-0.3093,0.8608,1
1771012880.711979,-0.3093,0.8106,1
1771012880.718210,-0.3093,0.8106,1
1771012880.724314,-0.3093,0.8106,1
1771012880.730434,-0.3093,0.7604,1
1771012880.736552,-0.3093,0.7604,1
1771012880.742651,-0.3093,0.7604,1
1771012880.748875,-0.3093,0.6977,1
1771012880.754975,-0.3093,0.6977,1
1771012880.761111,-0.3093,0.6977,1
1771012880.767319,-0.3168,0.6600,1
1771012880.773442,-0.3168,0.6600,1
1771012880.779627,-0.3168,0.6600,1
1771012880.785745,-0.3168,0.6600,1
1771012880.791886,-0.3168,0.6349,1
1771012880.798073,-0.3168,0.6349,1
1771012880.804280,-0.3168,0.6349,1
1771012880.810378,-0.3168,0.5973,1
1771012880.816497,-0.3168,0.5973,1
1771012880.822619,-0.3168,0.5973,1
1771012880.828830,-0.3168,0.5722,1
1771012880.834949,-0.3168,0.5722,1
1771012880.841074,-0.3168,0.5722,1
1771012880.847205,-0.3168,0.5597,1
1771012880.853320,-0.3168,0.5597,1
1771012880.859465,-0.3168,0.5597,1
1771012880.865563,-0.3168,0.5597,1
1771012880.871759,-0.3168,0.5346,1
1771012880.877943,-0.3168,0.5346,1
1771012880.884163,-0.3168,0.5346,1
1771012880.890268,-0.3168,0.5220,1
1771012880.896364,-0.3168,0.5220,1
1771012880.902478,-0.3168,0.5220,1
1771012880.908575,-0.3168,0.5095,1
1771012880.914703,-0.3168,0.5095,1
1771012880.920820,-0.3168,0.5095,1
1771012880.927030,-0.3168,0.5095,1
1771012880.933261,-0.3168,0.4844,1
1771012880.939370,-0.3168,0.4844,1
1771012880.945495,-0.3168,0.4844,1
1771012880.951619,-0.3168,0.4718,1
1771012880.957750,-0.3168,0.4718,1
1771012880.963882,-0.3168,0.4718,1
1771012880.970001,-0.3168,0.4718,1
1771012880.976137,-0.3168,0.4718,1
1771012880.982310,-0.3168,0.4718,1
1771012880.988406,-0.3168,0.4718,1
1771012880.994535,-0.3168,0.4718,1
1771012881.000656,-0.3168,0.4718,1
1771012881.006756,-0.3168,0.4718,1
1771012881.012984,-0.3243,0.4467,1
1771012881.019110,-0.3243,0.4467,1
1771012881.025258,-0.3243,0.4467,1
1771012881.031354,-0.3243,0.4467,1
1771012881.037442,-0.3243,0.4467,1
1771012881.043646,-0.3243,0.4467,1
1771012881.049767,-0.3243,0.4342,1
1771012881.055871,-0.3243,0.4342,1
1771012881.062013,-0.3243,0.4342,1
1771012881.068240,-0.3243,0.4342,1
1771012881.074339,-0.3243,0.4342,1
1771012881.080458,-0.3243,0.4342,1
1771012881.086735,-0.3243,0.4342,1
1771012881.092944,-0.3243,0.4342,1
1771012881.099066,-0.3243,0.4342,1
1771012881.105187,-0.3243,0.4342,1
1771012881.111331,-0.3243,0.4342,1
1771012881.117425,-0.3243,0.4342,1
1771012881.123534,-0.3243,0.4342,1
1771012881.129664,-0.3243,0.4342,1
1771012881.135864,-0.3243,0.4342,1
1771012881.142067,-0.3243,0.4342,1
1771012881.148216,-0.3243,0.4342,1
1771012881.154319,-0.3243,0.4342,1
1771012881.160421,-0.3243,0.4342,1
1771012881.166625,-0.3243,0.4342,1
1771012881.172718,-0.3243,0.4342,1
1771012881.178844,-0.3243,0.4342,1
1771012881.184965,-0.3243,0.4342,1
1771012881.191076,-0.3243,0.4342,1
1771012881.197210,-0.3243,0.4342,1
1771012881.203320,-0.3243,0.4342,1
1771012881.209428,-0.3168,0.4342,1
1771012881.215528,-0.3168,0.4342,1
1771012881.221640,-0.3168,0.4342,1
1771012881.227853,-0.3018,0.4342,1
1771012881.233984,-0.3018,0.4342,1
1771012881.240084,-0.3018,0.4342,1
1771012881.246295,-0.3018,0.4342,1
1771012881.252385,-0.2794,0.4342,1
1771012881.258517,-0.2794,0.4342,1
1771012881.264649,-0.2794,0.4342,1
1771012881.270741,-0.2719,0.4342,1
1771012881.276952,-0.2719,0.4342,1
1771012881.283073,-0.2719,0.4342,1
1771012881.289230,-0.2644,0.4342,1
1771012881.295374,-0.2644,0.4342,1
1771012881.301575,-0.2644,0.4342,1
1771012881.307800,-0.2570,0.4342,1
1771012881.313924,-0.2570,0.4342,1
1771012881.320014,-0.2570,0.4342,1
1771012881.326143,-0.2570,0.4342,1
1771012881.332338,-0.2495,0.4342,1
1771012881.338440,-0.2495,0.4342,1
1771012881.344540,-0.2495,0.4342,1
1771012881.350660,-0.2420,0.4342,1
1771012881.356772,-0.2420,0.4342,1
1771012881.362912,-0.2420,0.4342,1
1771012881.369040,-0.2270,0.4342,1
1771012881.375298,-0.2270,0.4342,1
1771012881.381418,-0.2270,0.4342,1
1771012881.387614,-0.2196,0.4342,1
1771012881.393740,-0.2196,0.4342,1
1771012881.399921,-0.2196,0.4342,1
1771012881.406069,-0.2196,0.4342,1
1771012881.412311,-0.2121,0.4342,1
1771012881.418401,-0.2121,0.4342,1
1771012881.424522,-0.2121,0.4342,1
1771012881.430724,-0.2046,0.4342,1
1771012881.436924,-0.2046,0.4342,1
1771012881.443051,-0.2046,0.4342,1
1771012881.449188,-0.1971,0.4342,1
1771012881.455285,-0.1971,0.4342,1
1771012881.461391,-0.1971,0.4342,1
1771012881.467551,-0.1897,0.4342,1
1771012881.473657,-0.1897,0.4342,1
1771012881.479876,-0.1897,0.4342,1
1771012881.486076,-0.1897,0.4342,1
1771012881.492180,-0.1971,0.4342,1
1771012881.498273,-0.1971,0.4342,1
1771012881.504361,-0.1971,0.4342,1
1771012881.510459,-0.1971,0.4342,1
1771012881.516661,-0.1971,0.4342,1
1771012881.522760,-0.1971,0.4342,1
1771012881.528881,-0.1897,0.4342,1
1771012881.535083,-0.1897,0.4342,1
1771012881.541317,-0.1897,0.4342,1
1771012881.547450,-0.1897,0.4342,1
1771012881.553538,-0.1897,0.4342,1
1771012881.559754,-0.1897,0.4342,1
1771012881.565964,-0.1897,0.4342,1
1771012881.572059,-0.1822,0.4342,1
1771012881.578194,-0.1822,0.4342,1
1771012881.584287,-0.1822,0.4342,1
1771012881.590387,-0.1747,0.4342,1
1771012881.596484,-0.1747,0.4342,1
1771012881.602600,-0.1747,0.4342,1
1771012881.608727,-0.1747,0.4342,1
1771012881.614860,-0.1747,0.4342,1
1771012881.621061,-0.1747,0.4342,1
1771012881.627193,-0.1747,0.4342,1
1771012881.633288,-0.1747,0.4342,1
1771012881.639388,-0.1747,0.4342,1
1771012881.645485,-0.1747,0.4342,1
1771012881.651691,-0.1747,0.4342,1
1771012881.657821,-0.1747,0.4342,1
1771012881.663954,-0.1747,0.4342,1
1771012881.670221,-0.1597,0.4342,1
1771012881.676338,-0.1597,0.4342,1
1771012881.682465,-0.1597,0.4342,1
1771012881.688585,-0.1597,0.4342,1
1771012881.694815,-0.1597,0.4342,1
1771012881.701021,-0.1597,0.4342,1
1771012881.707148,-0.1597,0.4342,1
1771012881.713254,-0.1597,0.4342,1
1771012881.719318,-0.1597,0.4342,1
1771012881.725531,-0.1597,0.4342,1
1771012881.731626,-0.1523,0.4342,1
1771012881.737759,-0.1523,0.4342,1
1771012881.743886,-0.1523,0.4342,1
1771012881.750092,-0.1597,0.4342,1
1771012881.756228,-0.1597,0.4342,1
1771012881.762334,-0.1597,0.4342,1
1771012881.768463,-0.1597,0.4342,1
1771012881.774602,-0.1597,0.4342,1
1771012881.780733,-0.1597,0.4342,1
1771012881.786862,-0.1523,0.4342,1
1771012881.792998,-0.1523,0.4342,1
1771012881.799247,-0.1523,0.4342,1
1771012881.805352,-0.1523,0.4342,1
1771012881.811473,-0.1523,0.4342,1
1771012881.817590,-0.1523,0.4342,1
1771012881.823704,-0.1523,0.4342,1
1771012881.829920,-0.1523,0.4342,1
1771012881.836122,-0.1523,0.4342,1
1771012881.842259,-0.1523,0.4342,1
1771012881.848354,-0.1448,0.4342,1
1771012881.854447,-0.1448,0.4342,1
1771012881.860664,-0.1448,0.4342,1
1771012881.866791,-0.1448,0.4342,1
1771012881.872924,-0.1448,0.4342,1
1771012881.879145,-0.1448,0.4342,1
1771012881.885336,-0.1448,0.4342,1
1771012881.891433,-0.1448,0.4342,1
1771012881.897527,-0.1448,0.4342,1
1771012881.903728,-0.1448,0.4342,1
1771012881.909941,-0.1373,0.4342,1
1771012881.916163,-0.1373,0.4342,1
1771012881.922261,-0.1373,0.4342,1
1771012881.928357,-0.1298,0.4342,1
1771012881.934448,-0.1298,0.4342,1
1771012881.940581,-0.1298,0.4342,1
1771012881.946679,-0.1298,0.4342,1
1771012881.952806,-0.1298,0.4342,1
1771012881.958922,-0.1298,0.4342,1
1771012881.965035,-0.1298,0.4342,1
1771012881.971154,-0.1298,0.4342,1
1771012881.977261,-0.1298,0.4342,1
1771012881.983323,-0.1298,0.4342,1
1771012881.989423,-0.1298,0.4342,1
1771012881.995627,-0.1298,0.4342,1
1771012882.001718,-0.1298,0.4342,1
1771012882.007933,-0.1298,0.4342,1
1771012882.014156,-0.1298,0.4342,1
1771012882.020240,-0.1298,0.4342,1
1771012882.026341,-0.1298,0.4342,1
1771012882.032462,-0.1298,0.4342,1
1771012882.038581,-0.1298,0.4342,1
1771012882.044789,-0.1298,0.4342,1
1771012882.050884,-0.1298,0.4342,1
1771012882.057012,-0.1298,0.4342,1
1771012882.063234,-0.1298,0.4342,1
1771012882.069331,-0.1298,0.4342,1
1771012882.075459,-0.1298,0.4342,1
1771012882.081584,-0.1298,0.4342,1
1771012882.087803,-0.1298,0.4342,1
1771012882.094016,-0.1298,0.4342,1
1771012882.100241,-0.1298,0.4342,1
1771012882.106357,-0.1298,0.4342,1
1771012882.112478,-0.1298,0.4342,1
1771012882.118565,-0.1298,0.4342,1
1771012882.124778,-0.1298,0.4342,1
1771012882.130872,-0.1224,0.4342,1
1771012882.136992,-0.1224,0.4342,1
1771012882.143220,-0.1224,0.4342,1
1771012882.149315,-0.1149,0.4342,1
1771012882.155412,-0.1149,0.4342,1
1771012882.161545,-0.1149,0.4342,1
1771012882.167752,-0.1149,0.4342,1
1771012882.173893,-0.1149,0.4342,1
1771012882.180024,-0.1149,0.4342,1
1771012882.186143,-0.1149,0.4342,1
1771012882.192256,-0.1149,0.4342,1
1771012882.198351,-0.1149,0.4342,1
1771012882.204446,-0.1149,0.4342,1
1771012882.210573,-0.1149,0.4342,1
1771012882.216706,-0.1149,0.4342,1
1771012882.222841,-0.1149,0.4342,1
1771012882.228967,-0.1149,0.4342,1
1771012882.235083,-0.1149,0.4342,1
1771012882.241189,-0.1149,0.4342,1
1771012882.247356,-0.1149,0.4342,1
1771012882.253445,-0.1149,0.4342,1
1771012882.259663,-0.1149,0.4342,1
1771012882.265793,-0.1149,0.4342,1
1771012882.271906,-0.1149,0.4342,1
1771012882.278123,-0.1149,0.4342,1
1771012882.284355,-0.1149,0.4342,1
1771012882.290482,-0.0999,0.4342,1
1771012882.296603,-0.0999,0.4342,1
1771012882.302804,-0.0999,0.4342,1
1771012882.308943,-0.0999,0.4342,1
1771012882.315038,-0.0999,0.4342,1
1771012882.321158,-0.0999,0.4342,1
1771012882.327321,-0.0999,0.4342,1
1771012882.333523,-0.0999,0.4342,1
1771012882.339658,-0.0999,0.4342,1
1771012882.345783,-0.0999,0.4342,1
1771012882.351925,-0.0999,0.4342,1
1771012882.358064,-0.0999,0.4342,1
1771012882.364237,-0.0999,0.4342,1
1771012882.370330,-0.0924,0.4342,1
1771012882.376450,-0.0924,0.4342,1
1771012882.382653,-0.0924,0.4342,1
1771012882.388769,-0.0924,0.4342,1
1771012882.394892,-0.0924,0.4342,1
1771012882.401011,-0.0924,0.4342,1
1771012882.407151,-0.0924,0.4342,1
1771012882.413266,-0.0924,0.4342,1
1771012882.419356,-0.0924,0.4342,1
1771012882.425477,-0.0924,0.4342,1
1771012882.431600,-0.0850,0.4342,1
1771012882.437800,-0.0850,0.4342,1
1771012882.444010,-0.0850,0.4342,1
1771012882.450134,-0.0850,0.4342,1
1771012882.456237,-0.0850,0.4342,1
1771012882.462334,-0.0850,0.4342,1
1771012882.468428,-0.0850,0.4342,1
1771012882.474529,-0.0850,0.4342,1
1771012882.480630,-0.0850,0.4342,1
1771012882.486836,-0.0775,0.4342,1
1771012882.493047,-0.0775,0.4342,1
1771012882.499169,-0.0775,0.4342,1
1771012882.505298,-0.0775,0.4342,1
1771012882.511398,-0.0850,0.4342,1
1771012882.517491,-0.0850,0.4342,1
1771012882.523616,-0.0850,0.4342,1
1771012882.529740,-0.0775,0.4342,1
1771012882.535864,-0.0775,0.4342,1
1771012882.541986,-0.0775,0.4342,1
1771012882.548207,-0.0775,0.4342,1
1771012882.554313,-0.0775,0.4342,1
1771012882.560416,-0.0775,0.4342,1
1771012882.566516,-0.0775,0.4342,1
1771012882.572613,-0.0775,0.4342,1
1771012882.578738,-0.0775,0.4342,1
1771012882.584857,-0.0775,0.4342,1
1771012882.591153,-0.0700,0.4342,1
1771012882.597328,-0.0700,0.4342,1
1771012882.603532,-0.0700,0.4342,1
1771012882.609658,-0.0700,0.4342,1
1771012882.615829,-0.0700,0.4342,1
1771012882.621926,-0.0700,0.4342,1
1771012882.628069,-0.0700,0.4342,1
1771012882.634195,-0.0700,0.4342,1
1771012882.640296,-0.0700,0.4342,1
1771012882.646395,-0.0625,0.4342,1
1771012882.652484,-0.0625,0.4342,1
1771012882.658597,-0.0625,0.4342,1
1771012882.664738,-0.0625,0.4342,1
1771012882.670972,-0.0625,0.4342,1
1771012882.677098,-0.0625,0.4342,1
1771012882.683229,-0.0625,0.4342,1
1771012882.689334,-0.0625,0.4342,1
1771012882.695461,-0.0625,0.4342,1
1771012882.701658,-0.0625,0.4342,1
1771012882.707783,-0.0551,0.4342,1
1771012882.713885,-0.0551,0.4342,1
1771012882.720004,-0.0551,0.4342,1
1771012882.726241,-0.0551,0.4342,1
1771012882.732325,-0.0551,0.4342,1
1771012882.738423,-0.0551,0.4342,1
1771012882.744561,-0.0551,0.4342,1
1771012882.750759,-0.0551,0.4342,1
1771012882.756889,-0.0551,0.4342,1
1771012882.763019,-0.0551,0.4342,1
1771012882.769141,-0.0625,0.4342,1
1771012882.775268,-0.0625,0.4342,1
1771012882.781368,-0.0625,0.4342,1
1771012882.787564,-0.0625,0.4342,1
1771012882.793663,-0.0625,0.4342,1
1771012882.799764,-0.0625,0.4342,1
1771012882.805872,-0.0625,0.4342,1
1771012882.812102,-0.0551,0.4342,1
1771012882.818227,-0.0551,0.4342,1
1771012882.824330,-0.0551,0.4342,1
1771012882.830534,-0.0551,0.4342,1
1771012882.836734,-0.0551,0.4342,1
1771012882.842863,-0.0551,0.4342,1
1771012882.848995,-0.0401,0.4342,1
1771012882.855090,-0.0401,0.4342,1
1771012882.861345,-0.0401,0.4342,1
1771012882.867464,-0.0401,0.4342,1
1771012882.873569,-0.0401,0.4342,1
1771012882.879797,-0.0401,0.4342,1
1771012882.886004,-0.0401,0.4342,1
1771012882.892135,-0.0401,0.4342,1
1771012882.898192,-0.0401,0.4342,1
1771012882.904248,-0.0401,0.4342,1
1771012882.910335,-0.0401,0.4342,1
1771012882.916428,-0.0401,0.4342,1
1771012882.922558,-0.0401,0.4342,1
1771012882.928689,-0.0401,0.4342,1
1771012882.934829,-0.0401,0.4342,1
1771012882.940960,-0.0401,0.4342,1
1771012882.947059,-0.0326,0.4342,1
1771012882.953183,-0.0326,0.4342,1
1771012882.959345,-0.0326,0.4342,1
1771012882.965442,-0.0326,0.4342,1
1771012882.971559,-0.0251,0.4342,1
1771012882.977659,-0.0251,0.4342,1
1771012882.983877,-0.0251,0.4342,1
1771012882.990014,-0.0251,0.4342,1
1771012882.996248,-0.0251,0.4342,1
1771012883.002338,-0.0251,0.4342,1
1771012883.008437,-0.0326,0.4342,1
1771012883.014573,-0.0326,0.4342,1
1771012883.020663,-0.0326,0.4342,1
1771012883.026789,-0.0326,0.4342,1
1771012883.032910,-0.0326,0.4342,1
1771012883.039011,-0.0326,0.4342,1
1771012883.045247,-0.0326,0.4342,1
1771012883.051351,-0.0326,0.4342,1
1771012883.057454,-0.0326,0.4342,1
1771012883.063632,-0.0326,0.4342,1
1771012883.069848,-0.0251,0.4342,1
1771012883.076073,-0.0251,0.4342,1
1771012883.082223,-0.0251,0.4342,1
1771012883.088335,-0.0251,0.4342,1
1771012883.094438,-0.0251,0.4342,1
1771012883.100637,-0.0251,0.4342,1
1771012883.106771,-0.0251,0.4342,1
1771012883.112902,-0.0251,0.4342,1
1771012883.119028,-0.0251,0.4342,1
1771012883.125127,-0.0251,0.4342,1
1771012883.131206,-0.0177,0.4342,1
1771012883.137294,-0.0177,0.4342,1
1771012883.143390,-0.0177,0.4342,1
1771012883.149483,-0.0177,0.4342,1
1771012883.155581,-0.0177,0.4342,1
1771012883.161712,-0.0177,0.4342,1
1771012883.167845,-0.0177,0.4342,1
1771012883.173977,-0.0177,0.4342,1
1771012883.180192,-0.0177,0.4342,1
1771012883.186283,-0.0102,0.4342,1
1771012883.192385,-0.0102,0.4342,1
1771012883.198487,-0.0102,0.4342,1
1771012883.204613,-0.0102,0.4342,1
1771012883.210715,-0.0102,0.4342,1
1771012883.216810,-0.0102,0.4342,1
1771012883.222908,-0.0102,0.4342,1
1771012883.229057,-0.0027,0.4342,1
1771012883.235182,-0.0027,0.4342,1
1771012883.241252,-0.0027,0.4342,1
1771012883.247325,-0.0027,0.4342,1
1771012883.253413,-0.0027,0.4342,1
1771012883.259584,-0.0027,0.4342,1
1771012883.265708,-0.0027,0.4342,1
1771012883.271804,-0.0102,0.4342,1
1771012883.278024,-0.0102,0.4342,1
1771012883.284146,-0.0102,0.4342,1
1771012883.290226,-0.0102,0.4342,1
1771012883.296341,-0.0102,0.4342,1
1771012883.302432,-0.0102,0.4342,1
1771012883.308580,-0.0027,0.4342,1
1771012883.314677,-0.0027,0.4342,1
1771012883.320769,-0.0027,0.4342,1
1771012883.326981,-0.0027,0.4342,1
1771012883.333184,-0.0027,0.4342,1
1771012883.339296,-0.0027,0.4342,1
1771012883.345394,-0.0027,0.4342,1
1771012883.351598,-0.0027,0.4342,1
1771012883.357821,-0.0027,0.4342,1
1771012883.363921,-0.0027,0.4342,1
1771012883.370014,-0.0027,0.4342,1
1771012883.376122,-0.0027,0.4342,1
1771012883.382266,-0.0027,0.4342,1
1771012883.388406,-0.0027,0.4342,1
1771012883.394530,-0.0027,0.4342,1
1771012883.400627,-0.0027,0.4342,1
1771012883.406765,-0.0027,0.4342,1
1771012883.412973,-0.0027,0.4342,1
1771012883.419091,-0.0027,0.4342,1
1771012883.425220,-0.0027,0.4342,1
1771012883.431313,0.0048,0.4342,1
1771012883.437402,0.0048,0.4342,1
1771012883.443499,0.0048,0.4342,1
1771012883.449598,0.0048,0.4342,1
1771012883.455722,0.0048,0.4342,1
1771012883.461935,0.0048,0.4342,1
1771012883.468031,0.0048,0.4342,1
1771012883.474160,0.0048,0.4342,1
1771012883.480258,0.0048,0.4342,1
1771012883.486328,0.0048,0.4342,1
1771012883.492452,0.0048,0.4342,1
1771012883.498548,0.0048,0.4342,1
1771012883.504661,0.0048,0.4342,1
1771012883.510879,0.0048,0.4342,1
1771012883.517048,0.0048,0.4342,1
1771012883.523203,0.0048,0.4342,1
1771012883.529317,0.0048,0.4342,1
1771012883.535406,0.0048,0.4342,1
1771012883.541610,0.0048,0.4342,1
1771012883.547738,0.0048,0.4342,1
1771012883.553863,0.0048,0.4342,1
1771012883.559964,0.0048,0.4342,1
1771012883.566179,0.0122,0.4342,1
1771012883.572250,0.0122,0.4342,1
1771012883.578361,0.0122,0.4342,1
1771012883.584482,0.0122,0.4342,1
1771012883.590605,0.0122,0.4342,1
1771012883.596814,0.0122,0.4342,1
1771012883.602931,0.0122,0.4342,1
1771012883.609058,0.0122,0.4342,1
1771012883.615187,0.0122,0.4342,1
1771012883.621342,0.0122,0.4342,1
1771012883.627464,0.0122,0.4342,1
1771012883.633587,0.0122,0.4342,1
1771012883.639719,0.0122,0.4342,1
1771012883.645927,0.0272,0.4342,1
1771012883.652129,0.0272,0.4342,1
1771012883.658255,0.0272,0.4342,1
1771012883.664351,0.0272,0.4342,1
1771012883.670439,0.0272,0.4342,1
1771012883.676651,0.0272,0.4342,1
1771012883.682779,0.0272,0.4342,1
1771012883.688875,0.0347,0.4342,1
1771012883.695089,0.0347,0.4342,1
1771012883.701213,0.0347,0.4342,1
1771012883.707313,0.0422,0.4342,1
1771012883.713432,0.0422,0.4342,1
1771012883.719628,0.0422,0.4342,1
1771012883.725829,0.0422,0.4342,1
1771012883.731953,0.0422,0.4342,1
1771012883.738042,0.0422,0.4342,1
1771012883.744142,0.0422,0.4342,1
1771012883.750311,0.0422,0.4342,1
1771012883.756419,0.0422,0.4342,1
1771012883.762545,0.0422,0.4342,1
1771012883.768639,0.0422,0.4342,1
1771012883.774779,0.0422,0.4342,1
1771012883.780911,0.0422,0.4342,1
1771012883.787032,0.0496,0.4342,1
1771012883.793158,0.0496,0.4342,1
1771012883.799327,0.0496,0.4342,1
1771012883.805441,0.0496,0.4342,1
1771012883.811658,0.0496,0.4342,1
1771012883.817780,0.0496,0.4342,1
1771012883.823910,0.0496,0.4342,1
1771012883.830109,0.0496,0.4342,1
1771012883.836336,0.0496,0.4342,1
1771012883.842461,0.0496,0.4342,1
1771012883.848559,0.0496,0.4342,1
1771012883.854747,0.0496,0.4342,1
1771012883.860886,0.0496,0.4342,1
1771012883.867016,0.0571,0.4342,1
1771012883.873142,0.0571,0.4342,1
1771012883.879354,0.0571,0.4342,1
1771012883.885448,0.0571,0.4342,1
1771012883.891550,0.0571,0.4342,1
1771012883.897649,0.0571,0.4342,1
1771012883.903844,0.0571,0.4342,1
1771012883.909943,0.0571,0.4342,1
1771012883.916148,0.0571,0.4342,1
1771012883.922244,0.0571,0.4342,1
1771012883.928347,0.0571,0.4342,1
1771012883.934549,0.0571,0.4342,1
1771012883.940674,0.0571,0.4342,1
1771012883.946800,0.0571,0.4342,1
1771012883.952914,0.0571,0.4342,1
1771012883.959131,0.0571,0.4342,1
1771012883.965214,0.0571,0.4342,1
1771012883.971317,0.0571,0.4342,1
1771012883.977442,0.0571,0.4342,1
1771012883.983567,0.0571,0.4342,1
1771012883.989670,0.0571,0.4342,1
1771012883.995912,0.0571,0.4342,1
1771012884.002029,0.0571,0.4342,1
1771012884.008149,0.0496,0.4342,1
1771012884.014230,0.0496,0.4342,1
1771012884.020333,0.0496,0.4342,1
1771012884.026456,0.0571,0.4342,1
1771012884.032579,0.0571,0.4342,1
1771012884.038706,0.0571,0.4342,1
1771012884.044833,0.0571,0.4342,1
1771012884.050954,0.0646,0.4342,1
1771012884.057053,0.0646,0.4342,1
1771012884.063262,0.0646,0.4342,1
1771012884.069342,0.0646,0.4342,1
1771012884.075475,0.0646,0.4342,1
1771012884.081577,0.0646,0.4342,1
1771012884.087750,0.0646,0.4342,1
1771012884.093958,0.0646,0.4342,1
1771012884.100177,0.0646,0.4342,1
1771012884.106308,0.0721,0.4342,1
1771012884.112432,0.0721,0.4342,1
1771012884.118630,0.0721,0.4342,1
1771012884.124759,0.0721,0.4342,1
1771012884.130882,0.0721,0.4342,1
1771012884.137003,0.0721,0.4342,1
1771012884.143241,0.0721,0.4342,1
1771012884.149350,0.0721,0.4342,1
1771012884.155471,0.0721,0.4342,1
1771012884.161595,0.0721,0.4342,1
1771012884.167751,0.0870,0.4342,1
1771012884.173880,0.0870,0.4342,1
1771012884.180096,0.0870,0.4342,1
1771012884.186231,0.0870,0.4342,1
1771012884.192333,0.0870,0.4342,1
1771012884.198431,0.0870,0.4342,1
1771012884.204547,0.0870,0.4342,1
1771012884.210668,0.0870,0.4342,1
1771012884.216794,0.0870,0.4342,1
1771012884.222934,0.0870,0.4342,1
1771012884.229068,0.0945,0.4342,1
1771012884.235190,0.0945,0.4342,1
1771012884.241289,0.0945,0.4342,1
1771012884.247383,0.1020,0.4342,1
1771012884.253473,0.1020,0.4342,1
1771012884.259670,0.1020,0.4342,1
1771012884.265796,0.0945,0.4342,1
1771012884.271914,0.0945,0.4342,1
1771012884.278128,0.0945,0.4342,1
1771012884.284255,0.0945,0.4342,1
1771012884.290355,0.0945,0.4342,1
1771012884.296451,0.0945,0.4342,1
1771012884.302648,0.0945,0.4342,1
1771012884.308873,0.0945,0.4342,1
1771012884.314995,0.0945,0.4342,1
1771012884.321113,0.0945,0.4342,1
1771012884.327324,0.1020,0.4342,1
1771012884.333418,0.1020,0.4342,1
1771012884.339546,0.1020,0.4342,1
1771012884.345673,0.1020,0.4342,1
1771012884.351818,0.1020,0.4342,1
1771012884.357957,0.1020,0.4342,1
1771012884.364085,0.1020,0.4342,1
1771012884.370207,0.1020,0.4342,1
1771012884.376312,0.1020,0.4342,1
1771012884.382411,0.1020,0.4342,1
1771012884.388507,0.1020,0.4342,1
1771012884.394637,0.1020,0.4342,1
1771012884.400759,0.1020,0.4342,1
1771012884.406858,0.1020,0.4342,1
1771012884.413047,0.1020,0.4342,1
1771012884.419164,0.1020,0.4342,1
1771012884.425239,0.1020,0.4342,1
1771012884.431368,0.1095,0.4342,1
1771012884.437560,0.1095,0.4342,1
1771012884.443683,0.1095,0.4342,1
1771012884.449804,0.1095,0.4342,1
1771012884.455909,0.1095,0.4342,1
1771012884.462123,0.1095,0.4342,1
1771012884.468224,0.1095,0.4342,1
1771012884.474325,0.1095,0.4342,1
1771012884.480456,0.1095,0.4342,1
1771012884.486652,0.1095,0.4342,1
1771012884.492886,0.1095,0.4342,1
1771012884.499010,0.1095,0.4342,1
1771012884.505112,0.1095,0.4342,1
1771012884.511219,0.1020,0.4342,1
1771012884.517316,0.1020,0.4342,1
1771012884.523448,0.1020,0.4342,1
1771012884.529569,0.1020,0.4342,1
1771012884.535728,0.1020,0.4342,1
1771012884.541942,0.1020,0.4342,1
1771012884.548067,0.1020,0.4342,1
1771012884.554222,0.1020,0.4342,1
1771012884.560321,0.1020,0.4342,1
1771012884.566417,0.1020,0.4342,1
1771012884.572550,0.1020,0.4342,1
1771012884.578683,0.1020,0.4342,1
1771012884.584812,0.1020,0.4342,1
1771012884.590913,0.1020,0.4342,1
1771012884.597122,0.1020,0.4342,1
1771012884.603244,0.1020,0.4342,1
1771012884.609340,0.1020,0.4342,1
1771012884.615434,0.1020,0.4342,1
1771012884.621524,0.1020,0.4342,1
1771012884.627737,0.1020,0.4342,1
1771012884.633859,0.1020,0.4342,1
1771012884.639987,0.1020,0.4342,1
1771012884.646197,0.1020,0.4342,1
1771012884.652315,0.1020,0.4342,1
1771012884.658414,0.1020,0.4342,1
1771012884.664519,0.1020,0.4342,1
1771012884.670611,0.1020,0.4342,1
1771012884.676821,0.1020,0.4342,1
1771012884.682949,0.1020,0.4342,1
1771012884.689082,0.1020,0.4342,1
1771012884.695301,0.1020,0.4342,1
1771012884.701394,0.1020,0.4342,1
1771012884.707521,0.1020,0.4342,1
1771012884.713645,0.1020,0.4342,1
1771012884.719794,0.1020,0.4342,1
1771012884.726005,0.1020,0.4342,1
1771012884.732103,0.1020,0.4342,1
1771012884.738210,0.1020,0.4342,1
1771012884.744322,0.1020,0.4342,1
1771012884.750419,0.1020,0.4342,1
1771012884.756560,0.1020,0.4342,1
1771012884.762689,0.1020,0.4342,1
1771012884.768813,0.0945,0.4342,1
1771012884.774951,0.0945,0.4342,1
1771012884.781060,0.0945,0.4342,1
1771012884.787155,0.0945,0.4342,1
1771012884.793256,0.0945,0.4342,1
1771012884.799351,0.0945,0.4342,1
1771012884.805443,0.0945,0.4342,1
1771012884.811649,0.0945,0.4342,1
1771012884.817770,0.0945,0.4342,1
1771012884.823898,0.0945,0.4342,1
1771012884.830106,0.0945,0.4342,1
1771012884.836322,0.0945,0.4342,1
1771012884.842420,0.0945,0.4342,1
1771012884.848548,0.0945,0.4342,1
1771012884.854672,0.0945,0.4342,1
1771012884.860882,0.0945,0.4342,1
1771012884.867015,0.0945,0.4342,1
1771012884.873149,0.0945,0.4342,1
1771012884.879340,0.0945,0.4342,1
1771012884.885460,0.0945,0.4342,1
1771012884.891673,0.0945,0.4342,1
1771012884.897769,0.0945,0.4342,1
1771012884.903861,0.0945,0.4342,1
1771012884.909995,0.0945,0.4342,1
1771012884.916206,0.0945,0.4342,1
1771012884.922296,0.0945,0.4342,1
1771012884.928392,0.0721,0.4342,1
1771012884.934511,0.0721,0.4342,1
1771012884.940722,0.0721,0.4342,1
1771012884.946847,0.0721,0.4342,1
1771012884.952965,0.0721,0.4342,1
1771012884.959096,0.0721,0.4342,1
1771012884.965331,0.0721,0.4342,1
1771012884.971428,0.0721,0.4342,1
1771012884.977534,0.0721,0.4342,1
1771012884.983712,0.0721,0.4342,1
1771012884.989848,0.0721,0.4342,1
1771012884.996075,0.0721,0.4342,1
1771012885.002212,0.0721,0.4342,1
1771012885.008310,0.0870,0.4342,1
1771012885.014404,0.0870,0.4342,1
1771012885.020525,0.0870,0.4342,1
1771012885.026653,0.0721,0.4342,1
1771012885.032782,0.0721,0.4342,1
1771012885.038878,0.0721,0.4342,1
1771012885.045090,0.0721,0.4342,1
1771012885.051236,0.0721,0.4342,1
1771012885.057353,0.0721,0.4342,1
1771012885.063458,0.0721,0.4342,1
1771012885.069627,0.0721,0.4342,1
1771012885.075778,0.0721,0.4342,1
1771012885.081918,0.0721,0.4342,1
1771012885.088037,0.0721,0.4342,1
1771012885.094290,0.0721,0.4342,1
1771012885.100385,0.0721,0.4342,1
1771012885.106516,0.0721,0.4342,1
1771012885.112646,0.0721,0.4342,1
1771012885.118834,0.0721,0.4342,1
1771012885.125104,0.0646,0.4342,1
1771012885.131222,0.0646,0.4342,1
1771012885.137312,0.0646,0.4342,1
1771012885.143420,0.0646,0.4342,1
1771012885.149605,0.0422,0.4342,1
1771012885.155788,0.0422,0.4342,1
1771012885.161889,0.0422,0.4342,1
1771012885.167984,0.0048,0.4342,1
1771012885.174086,0.0048,0.4342,1
1771012885.180280,0.0048,0.4342,1
1771012885.186375,-0.0102,0.4342,1
1771012885.192479,-0.0102,0.4342,1
1771012885.198705,-0.0102,0.4342,1
1771012885.204820,-0.0102,0.4342,1
1771012885.210918,-0.0326,0.4342,1
1771012885.217014,-0.0326,0.4342,1
1771012885.223149,-0.0326,0.4342,1
1771012885.229260,-0.0551,0.4091,1
1771012885.235383,-0.0551,0.4091,1
1771012885.241486,-0.0551,0.4091,1
1771012885.247702,-0.0700,0.4091,1
1771012885.253882,-0.0700,0.4091,1
1771012885.259979,-0.0700,0.4091,1
1771012885.266074,-0.0775,0.4091,1
1771012885.272193,-0.0775,0.4091,1
1771012885.278310,-0.0775,0.4091,1
1771012885.284513,-0.0775,0.4091,1
1771012885.290648,-0.0850,0.4091,1
1771012885.296777,-0.0850,0.4091,1
1771012885.302981,-0.0850,0.4091,1
1771012885.309108,-0.0924,0.4091,1
1771012885.315259,-0.0924,0.4091,1
1771012885.321350,-0.0924,0.4091,1
1771012885.327449,-0.0999,0.4091,1
1771012885.333655,-0.0999,0.4091,1
1771012885.339784,-0.0999,0.4091,1
1771012885.345910,-0.1149,0.4091,1
1771012885.352029,-0.1149,0.4091,1
1771012885.358157,-0.1149,0.4091,1
1771012885.364260,-0.1149,0.4091,1
1771012885.370353,-0.1224,0.4091,1
1771012885.376484,-0.1224,0.4091,1
1771012885.382693,-0.1224,0.4091,1
1771012885.388816,-0.1298,0.4091,1
1771012885.394944,-0.1298,0.4091,1
1771012885.401079,-0.1298,0.4091,1
1771012885.407213,-0.1373,0.4091,1
1771012885.413327,-0.1373,0.4091,1
1771012885.419443,-0.1373,0.4091,1
1771012885.425545,-0.1373,0.4091,1
1771012885.431646,-0.1373,0.4091,1
1771012885.437766,-0.1373,0.4091,1
1771012885.443865,-0.1373,0.4091,1
1771012885.449984,-0.1373,0.4091,1
1771012885.456098,-0.1373,0.4091,1
1771012885.462249,-0.1373,0.4091,1
1771012885.468341,-0.1448,0.4091,1
1771012885.474467,-0.1448,0.4091,1
1771012885.480578,-0.1448,0.4091,1
1771012885.486786,-0.1448,0.4091,1
1771012885.492992,-0.1448,0.4091,1
1771012885.499087,-0.1448,0.4091,1
1771012885.505183,-0.1448,0.4091,1
1771012885.511241,-0.1448,0.4091,1
1771012885.517322,-0.1448,0.4091,1
1771012885.523422,-0.1448,0.4091,1
1771012885.529517,-0.1448,0.4091,1
1771012885.535689,-0.1448,0.4091,1
1771012885.541811,-0.1448,0.4091,1
1771012885.547929,-0.1448,0.4091,1
1771012885.554018,-0.1448,0.4091,1
1771012885.560118,-0.1448,0.4091,1
1771012885.566343,-0.1448,0.4091,1
1771012885.572441,-0.1448,0.4091,1
1771012885.578545,-0.1448,0.4091,1
1771012885.584643,-0.1448,0.4091,1
1771012885.590769,-0.1448,0.4091,1
1771012885.596972,-0.1448,0.4091,1
1771012885.603060,-0.1448,0.4091,1
1771012885.609157,-0.1448,0.4091,1
1771012885.615233,-0.1448,0.4091,1
1771012885.621331,-0.1448,0.4091,1
1771012885.627451,-0.1448,0.4091,1
1771012885.633546,-0.1448,0.4091,1
1771012885.639654,-0.1448,0.4091,1
1771012885.645783,-0.1448,0.4091,1
1771012885.651984,-0.1448,0.4091,1
1771012885.658092,-0.1448,0.4091,1
1771012885.664206,-0.1448,0.4091,1
1771012885.670342,-0.1448,0.4091,1
1771012885.676445,-0.1448,0.4091,1
1771012885.682567,-0.1448,0.4091,1
1771012885.688689,-0.1448,0.4091,1
1771012885.694845,-0.1448,0.4091,1
1771012885.701064,-0.1448,0.4091,1
1771012885.707166,-0.1448,0.4091,1
1771012885.713282,-0.1448,0.4091,1
1771012885.719371,-0.1448,0.4091,1
1771012885.725551,-0.1523,0.4091,1
1771012885.731643,-0.1523,0.4091,1
1771012885.737731,-0.1523,0.4091,1
1771012885.743829,-0.1523,0.4091,1
1771012885.750036,-0.1523,0.4091,1
1771012885.756164,-0.1523,0.4091,1
1771012885.762286,-0.1523,0.4091,1
1771012885.768379,-0.1523,0.4091,1
1771012885.774489,-0.1523,0.4091,1
1771012885.780697,-0.1523,0.4091,1
1771012885.786818,-0.1523,0.4091,1
1771012885.792914,-0.1523,0.4091,1
1771012885.799041,-0.1523,0.4091,1
1771012885.805159,-0.1523,0.4091,1
1771012885.811227,-0.1523,0.4091,1
1771012885.817317,-0.1523,0.4091,1
1771012885.823416,-0.1523,0.4091,1
1771012885.829618,-0.1523,0.4091,1
1771012885.835825,-0.1523,0.4091,1
1771012885.841967,-0.1523,0.4091,1
1771012885.848094,-0.1523,0.4091,1
1771012885.854322,-0.1523,0.4091,1
1771012885.860539,-0.1523,0.4091,1
1771012885.866662,-0.1523,0.4091,1
1771012885.872773,-0.1523,0.4091,1
1771012885.878996,-0.1523,0.4091,1
1771012885.885120,-0.1523,0.4091,1
1771012885.891264,-0.1523,0.4091,1
1771012885.897356,-0.1523,0.4091,1
1771012885.903448,-0.1523,0.4091,1
1771012885.909652,-0.1523,0.4091,1
1771012885.915884,-0.1523,0.4091,1
1771012885.922002,-0.1523,0.4091,1
1771012885.928127,-0.1523,0.4091,1
1771012885.934228,-0.1523,0.4091,1
1771012885.940327,-0.1523,0.4091,1
1771012885.946446,-0.1597,0.4091,1
1771012885.952534,-0.1597,0.4091,1
1771012885.958740,-0.1597,0.4091,1
1771012885.964877,-0.1597,0.4091,1
1771012885.970995,-0.1597,0.4091,1
1771012885.977129,-0.1597,0.4091,1
1771012885.983312,-0.1597,0.4091,1
1771012885.989443,-0.1597,0.4091,1
1771012885.995613,-0.1597,0.4091,1
1771012886.001732,-0.1597,0.4091,1
1771012886.007860,-0.1597,0.4091,1
1771012886.013956,-0.1597,0.4091,1
1771012886.020156,-0.1597,0.4091,1
1771012886.026255,-0.1597,0.4091,1
1771012886.032348,-0.1597,0.4091,1
1771012886.038462,-0.1597,0.4091,1
1771012886.044667,-0.1597,0.4091,1
1771012886.050789,-0.1597,0.4091,1
1771012886.056919,-0.1597,0.4091,1
1771012886.063126,-0.1597,0.4091,1
1771012886.069323,-0.1597,0.4091,1
1771012886.075434,-0.1597,0.4091,1
1771012886.081559,-0.1597,0.4091,1
1771012886.087640,-0.1597,0.4091,1
1771012886.093855,-0.1597,0.4091,1
1771012886.100075,-0.1597,0.4091,1
1771012886.106232,-0.1523,0.4091,1
1771012886.112344,-0.1523,0.4091,1
1771012886.118433,-0.1523,0.4091,1
1771012886.124559,-0.1448,0.4091,1
1771012886.130668,-0.1448,0.4091,1
1771012886.136787,-0.1448,0.4091,1
1771012886.142997,-0.1448,0.4091,1
1771012886.149120,-0.1373,0.4091,1
1771012886.155232,-0.1373,0.4091,1
1771012886.161329,-0.1373,0.4091,1
1771012886.167423,-0.1298,0.4091,1
1771012886.173583,-0.1298,0.4091,1
1771012886.179810,-0.1298,0.4091,1
1771012886.185929,-0.1298,0.4091,1
1771012886.192057,-0.1298,0.4091,1
1771012886.198185,-0.1298,0.4091,1
1771012886.204334,-0.1298,0.4091,1
1771012886.210455,-0.1298,0.4091,1
1771012886.216582,-0.1298,0.4091,1
1771012886.222683,-0.1298,0.4091,1
1771012886.228899,-0.1373,0.4091,1
1771012886.235019,-0.1373,0.4091,1
1771012886.241149,-0.1373,0.4091,1
1771012886.247229,-0.1298,0.4091,1
1771012886.253317,-0.1298,0.4091,1
1771012886.259414,-0.1298,0.4091,1
1771012886.265538,-0.1224,0.4091,1
1771012886.271630,-0.1224,0.4091,1
1771012886.277846,-0.1224,0.4091,1
1771012886.284068,-0.1224,0.4091,1
1771012886.290219,-0.1224,0.4091,1
1771012886.296329,-0.1224,0.4091,1
1771012886.302421,-0.1224,0.4091,1
1771012886.308625,-0.1149,0.4091,1
1771012886.314748,-0.1149,0.4091,1
1771012886.320864,-0.1149,0.4091,1
1771012886.327073,-0.0999,0.4091,1
1771012886.333302,-0.0999,0.4091,1
1771012886.339419,-0.0999,0.4091,1
1771012886.345550,-0.0999,0.4091,1
1771012886.351670,-0.0999,0.4091,1
1771012886.357906,-0.0999,0.4091,1
1771012886.364050,-0.0999,0.4091,1
1771012886.370176,-0.0924,0.4091,1
1771012886.376305,-0.0924,0.4091,1
1771012886.382401,-0.0924,0.4091,1
1771012886.388498,-0.0924,0.4091,1
1771012886.394629,-0.0924,0.4091,1
1771012886.400750,-0.0924,0.4091,1
1771012886.406972,-0.0850,0.4091,1
1771012886.413183,-0.0850,0.4091,1
1771012886.419230,-0.0850,0.4091,1
1771012886.425327,-0.0775,0.4091,1
1771012886.431422,-0.0775,0.4091,1
1771012886.437627,-0.0775,0.4091,1
1771012886.443829,-0.0775,0.4091,1
1771012886.449955,-0.0775,0.4091,1
1771012886.456060,-0.0775,0.4091,1
1771012886.462188,-0.0775,0.4091,1
1771012886.468340,-0.0700,0.4091,1
1771012886.474464,-0.0700,0.4091,1
1771012886.480599,-0.0700,0.4091,1
1771012886.486815,-0.0625,0.4091,1
1771012886.492973,-0.0625,0.4091,1
1771012886.499094,-0.0625,0.4091,1
1771012886.505211,-0.0625,0.4091,1
1771012886.511312,-0.0625,0.4091,1
1771012886.517404,-0.0625,0.4091,1
1771012886.523533,-0.0625,0.4091,1
1771012886.529656,-0.0625,0.4091,1
1771012886.535773,-0.0625,0.4091,1
1771012886.541981,-0.0625,0.4091,1
1771012886.548102,-0.0551,0.4091,1
1771012886.554237,-0.0551,0.4091,1
1771012886.560348,-0.0551,0.4091,1
1771012886.566551,-0.0551,0.4091,1
1771012886.572678,-0.0551,0.4091,1
1771012886.578815,-0.0551,0.4091,1
1771012886.584943,-0.0551,0.4091,1
1771012886.591071,-0.0551,0.4091,1
1771012886.597284,-0.0551,0.4091,1
1771012886.603370,-0.0551,0.4091,1
1771012886.609490,-0.0551,0.4091,1
1771012886.615625,-0.0551,0.4091,1
1771012886.621747,-0.0551,0.4091,1
1771012886.627959,-0.0401,0.4091,1
1771012886.634088,-0.0401,0.4091,1
1771012886.640251,-0.0401,0.4091,1
1771012886.646323,-0.0401,0.4091,1
1771012886.652411,-0.0401,0.4091,1
1771012886.658533,-0.0401,0.4091,1
1771012886.664629,-0.0401,0.4091,1
1771012886.670777,-0.0401,0.4091,1
1771012886.676990,-0.0401,0.4091,1
1771012886.683083,-0.0401,0.4091,1
1771012886.689207,-0.0401,0.4091,1
1771012886.695322,-0.0401,0.4091,1
1771012886.701421,-0.0401,0.4091,1
1771012886.707579,-0.0401,0.4091,1
1771012886.713670,-0.0401,0.4091,1
1771012886.719734,-0.0401,0.4091,1
1771012886.725947,-0.0401,0.4091,1
1771012886.732063,-0.0401,0.4091,1
1771012886.738147,-0.0401,0.4091,1
1771012886.744195,-0.0401,0.4091,1
1771012886.750308,-0.0401,0.4091,1
1771012886.756411,-0.0401,0.4091,1
1771012886.762505,-0.0401,0.4091,1
1771012886.768592,-0.0401,0.4091,1
1771012886.774731,-0.0401,0.4091,1
1771012886.780866,-0.0401,0.4091,1
1771012886.786951,-0.0326,0.4091,1
1771012886.793074,-0.0326,0.4091,1
1771012886.799306,-0.0326,0.4091,1
1771012886.805418,-0.0326,0.4091,1
1771012886.811578,-0.0326,0.4091,1
1771012886.817702,-0.0326,0.4091,1
1771012886.823828,-0.0326,0.4091,1
1771012886.830034,-0.0326,0.4091,1
1771012886.836259,-0.0326,0.4091,1
1771012886.842355,-0.0326,0.4091,1
1771012886.848486,-0.0326,0.4091,1
1771012886.854603,-0.0326,0.4091,1
1771012886.860811,-0.0326,0.4091,1
1771012886.866948,-0.0326,0.4091,1
1771012886.873050,-0.0326,0.4091,1
1771012886.879269,-0.0326,0.4091,1
1771012886.885364,-0.0326,0.4091,1
1771012886.891471,-0.0326,0.4091,1
1771012886.897572,-0.0326,0.4091,1
1771012886.903665,-0.0326,0.4091,1
1771012886.909873,-0.0326,0.4091,1
1771012886.916057,-0.0326,0.4091,1
1771012886.922160,-0.0326,0.4091,1
1771012886.928238,-0.0251,0.4091,1
1771012886.934330,-0.0251,0.4091,1
1771012886.940430,-0.0251,0.4091,1
1771012886.946548,-0.0326,0.4091,1
1771012886.952665,-0.0326,0.4091,1
1771012886.958765,-0.0326,0.4091,1
1771012886.964890,-0.0326,0.4091,1
1771012886.970974,-0.0326,0.4091,1
1771012886.977049,-0.0326,0.4091,1
1771012886.983182,-0.0326,0.4091,1
1771012886.989325,-0.0326,0.4091,1
1771012886.995442,-0.0326,0.4091,1
1771012887.001525,-0.0326,0.4091,1
1771012887.007666,-0.0326,0.4091,1
1771012887.013876,-0.0326,0.4091,1
1771012887.019997,-0.0326,0.4091,1
1771012887.026121,-0.0251,0.4091,1
1771012887.032261,-0.0251,0.4091,1
1771012887.038350,-0.0251,0.4091,1
1771012887.044447,-0.0251,0.4091,1
1771012887.050539,-0.0251,0.4091,1
1771012887.056675,-0.0251,0.4091,1
1771012887.062882,-0.0251,0.4091,1
1771012887.069082,-0.0251,0.4091,1
1771012887.075233,-0.0251,0.4091,1
1771012887.081342,-0.0251,0.4091,1
1771012887.087429,-0.0251,0.4091,1
1771012887.093525,-0.0251,0.4091,1
1771012887.099711,-0.0251,0.4091,1
1771012887.105813,-0.0251,0.4091,1
1771012887.111947,-0.0251,0.4091,1
1771012887.118149,-0.0251,0.4091,1
1771012887.124302,-0.0251,0.4091,1
1771012887.130395,-0.0251,0.4091,1
1771012887.136508,-0.0251,0.4091,1
1771012887.142719,-0.0251,0.4091,1
1771012887.148842,-0.0251,0.4091,1
1771012887.154938,-0.0251,0.4091,1
1771012887.161070,-0.0251,0.4091,1
1771012887.167232,-0.0251,0.4091,1
1771012887.173340,-0.0251,0.4091,1
1771012887.179451,-0.0251,0.4091,1
1771012887.185574,-0.0326,0.4091,1
1771012887.191700,-0.0326,0.4091,1
1771012887.197823,-0.0326,0.4091,1
1771012887.203942,-0.0326,0.4091,1
1771012887.210069,-0.0326,0.4091,1
1771012887.216212,-0.0326,0.4091,1
1771012887.222324,-0.0326,0.4091,1
1771012887.228423,-0.0326,0.4091,1
1771012887.234545,-0.0326,0.4091,1
1771012887.240677,-0.0326,0.4091,1
1771012887.246777,-0.0251,0.4091,1
1771012887.252978,-0.0251,0.4091,1
1771012887.259105,-0.0251,0.4091,1
1771012887.265207,-0.0177,0.4091,1
1771012887.271336,-0.0177,0.4091,1
1771012887.277451,-0.0177,0.4091,1
1771012887.283579,-0.0177,0.4091,1
1771012887.289716,-0.0177,0.4091,1
1771012887.295844,-0.0177,0.4091,1
1771012887.301982,-0.0177,0.4091,1
1771012887.308164,-0.0177,0.4091,1
1771012887.314296,-0.0177,0.4091,1
1771012887.320370,-0.0177,0.4091,1
1771012887.326468,-0.0177,0.4091,1
1771012887.332660,-0.0177,0.4091,1
1771012887.338770,-0.0177,0.4091,1
1771012887.344894,-0.0102,0.4091,1
1771012887.351102,-0.0102,0.4091,1
1771012887.357341,-0.0102,0.4091,1
1771012887.363460,-0.0102,0.4091,1
1771012887.369580,-0.0102,0.4091,1
1771012887.375711,-0.0102,0.4091,1
1771012887.381832,-0.0102,0.4091,1
1771012887.387956,-0.0102,0.4091,1
1771012887.394082,-0.0102,0.4091,1
1771012887.400206,-0.0102,0.4091,1
1771012887.406315,-0.0027,0.4091,1
1771012887.412414,-0.0027,0.4091,1
1771012887.418533,-0.0027,0.4091,1
1771012887.424661,-0.0102,0.4091,1
1771012887.430788,-0.0102,0.4091,1
1771012887.436909,-0.0102,0.4091,1
1771012887.443033,-0.0102,0.4091,1
1771012887.449127,-0.0102,0.4091,1
1771012887.455256,-0.0102,0.4091,1
1771012887.461331,-0.0102,0.4091,1
1771012887.467455,-0.0102,0.4091,1
1771012887.473583,-0.0102,0.4091,1
1771012887.479721,-0.0102,0.4091,1
1771012887.485929,-0.0102,0.4091,1
1771012887.492136,-0.0102,0.4091,1
1771012887.498213,-0.0102,0.4091,1
1771012887.504318,-0.0102,0.4091,1
1771012887.510414,-0.0102,0.4091,1
1771012887.516557,-0.0102,0.4091,1
1771012887.522686,-0.0102,0.4091,1
1771012887.528810,-0.0102,0.4091,1
1771012887.535010,-0.0102,0.4091,1
1771012887.541135,-0.0102,0.4091,1
1771012887.547377,-0.0102,0.4091,1
1771012887.553493,-0.0102,0.4091,1
1771012887.559613,-0.0102,0.4091,1
1771012887.565804,-0.0102,0.4091,1
1771012887.571927,-0.0102,0.4091,1
1771012887.578076,-0.0102,0.4091,1
1771012887.584202,-0.0102,0.4091,1
1771012887.590299,-0.0102,0.4091,1
1771012887.596394,-0.0102,0.4091,1
1771012887.602507,-0.0102,0.4091,1
1771012887.608634,-0.0102,0.4091,1
1771012887.614761,-0.0102,0.4091,1
1771012887.620888,-0.0102,0.4091,1
1771012887.627016,-0.0102,0.4091,1
1771012887.633135,-0.0102,0.4091,1
1771012887.639259,-0.0102,0.4091,1
1771012887.645323,-0.0102,0.4091,1
1771012887.651412,-0.0102,0.4091,1
1771012887.657543,-0.0102,0.4091,1
1771012887.663666,-0.0102,0.4091,1
1771012887.669867,-0.0102,0.4091,1
1771012887.676080,-0.0102,0.4091,1
1771012887.682209,-0.0102,0.4091,1
1771012887.688307,-0.0102,0.4091,1
1771012887.694407,-0.0102,0.4091,1
1771012887.700606,-0.0102,0.4091,1
1771012887.706698,-0.0102,0.4091,1
1771012887.712821,-0.0102,0.4091,1
1771012887.718939,-0.0102,0.4091,1
1771012887.725162,-0.0027,0.4091,1
1771012887.731282,-0.0027,0.4091,1
1771012887.737369,-0.0027,0.4091,1
1771012887.743584,-0.0027,0.4091,1
1771012887.749807,-0.0027,0.4091,1
1771012887.755900,-0.0027,0.4091,1
1771012887.762024,-0.0027,0.4091,1
1771012887.768149,-0.0027,0.4091,1
1771012887.774235,-0.0027,0.4091,1
1771012887.780329,-0.0027,0.4091,1
1771012887.786453,-0.0027,0.4091,1
1771012887.792576,-0.0027,0.4091,1
1771012887.798702,-0.0027,0.4091,1
1771012887.804901,-0.0027,0.4091,1
1771012887.811108,-0.0027,0.4091,1
1771012887.817214,-0.0027,0.4091,1
1771012887.823317,-0.0027,0.4091,1
1771012887.829419,0.0048,0.4091,1
1771012887.835509,0.0048,0.4091,1
1771012887.841634,0.0048,0.4091,1
1771012887.847756,0.0048,0.4091,1
1771012887.853876,0.0048,0.4091,1
1771012887.860097,0.0048,0.4091,1
1771012887.866235,0.0048,0.4091,1
1771012887.872346,0.0048,0.4091,1
1771012887.878450,0.0048,0.4091,1
1771012887.884572,0.0048,0.4091,1
1771012887.890701,0.0048,0.4091,1
1771012887.896824,0.0048,0.4091,1
1771012887.903024,0.0048,0.4091,1
1771012887.909154,0.0048,0.4091,1
1771012887.915267,0.0048,0.4091,1
1771012887.921356,0.0048,0.4091,1
1771012887.927452,0.0048,0.4091,1
1771012887.933648,0.0048,0.4091,1
1771012887.939738,0.0048,0.4091,1
1771012887.945851,0.0048,0.4091,1
1771012887.951974,0.0048,0.4091,1
1771012887.958146,0.0048,0.4091,1
1771012887.964244,0.0048,0.4091,1
1771012887.970332,0.0048,0.4091,1
1771012887.976434,0.0048,0.4091,1
1771012887.982556,0.0048,0.4091,1
1771012887.988683,0.0048,0.4091,1
1771012887.994810,0.0048,0.4091,1
1771012888.000928,0.0048,0.4091,1
1771012888.007055,0.0048,0.4091,1
1771012888.013286,0.0048,0.4091,1
1771012888.019387,0.0048,0.4091,1
1771012888.025506,0.0048,0.4091,1
1771012888.031677,0.0048,0.4091,1
1771012888.037803,0.0048,0.4091,1
1771012888.044023,0.0048,0.4091,1
1771012888.050145,0.0048,0.4091,1
1771012888.056256,0.0048,0.4091,1
1771012888.062350,0.0048,0.4091,1
1771012888.068439,0.0048,0.4091,1
1771012888.074546,0.0048,0.4091,1
1771012888.080677,0.0048,0.4091,1
1771012888.086879,0.0122,0.4091,1
1771012888.093087,0.0122,0.4091,1
1771012888.099377,0.0122,0.4091,1
1771012888.105478,0.0122,0.4091,1
1771012888.111661,0.0122,0.4091,1
1771012888.117863,0.0122,0.4091,1
1771012888.123965,0.0122,0.4091,1
1771012888.130088,0.0122,0.4091,1
1771012888.136228,0.0122,0.4091,1
1771012888.142333,0.0122,0.4091,1
1771012888.148448,0.0122,0.4091,1
1771012888.154540,0.0122,0.4091,1
1771012888.160668,0.0122,0.4091,1
1771012888.166874,0.0122,0.4091,1
1771012888.172977,0.0122,0.4091,1
1771012888.179086,0.0122,0.4091,1
1771012888.185235,0.0122,0.4091,1
1771012888.191350,0.0122,0.4091,1
1771012888.197461,0.0122,0.4091,1
1771012888.203576,0.0122,0.4091,1
1771012888.209698,0.0122,0.4091,1
1771012888.215820,0.0122,0.4091,1
1771012888.221912,0.0122,0.4091,1
1771012888.228133,0.0122,0.4091,1
1771012888.234250,0.0122,0.4091,1
1771012888.240352,0.0122,0.4091,1
1771012888.246444,0.0122,0.4091,1
1771012888.252534,0.0122,0.4091,1
1771012888.258629,0.0122,0.4091,1
1771012888.264760,0.0347,0.4091,1
1771012888.270905,0.0347,0.4091,1
1771012888.277100,0.0347,0.4091,1
1771012888.283398,0.0347,0.4091,1
1771012888.289503,0.0496,0.4091,1
1771012888.295634,0.0496,0.4091,1
1771012888.301835,0.0496,0.4091,1
1771012888.308046,0.0646,0.4091,1
1771012888.314140,0.0646,0.4091,1
1771012888.320216,0.0646,0.4091,1
1771012888.326325,0.0721,0.4091,1
1771012888.332420,0.0721,0.4091,1
1771012888.338519,0.0721,0.4091,1
1771012888.344617,0.0870,0.4091,1
1771012888.350814,0.0870,0.4091,1
1771012888.356940,0.0870,0.4091,1
1771012888.363037,0.0870,0.4091,1
1771012888.369157,0.1020,0.4091,1
1771012888.375258,0.1020,0.4091,1
1771012888.381362,0.1020,0.4091,1
1771012888.387475,0.1169,0.4342,1
1771012888.393604,0.1169,0.4342,1
1771012888.399727,0.1169,0.4342,1
1771012888.405840,0.1319,0.4342,1
1771012888.412066,0.1319,0.4342,1
1771012888.418185,0.1319,0.4342,1
1771012888.424286,0.1543,0.4342,1
1771012888.430381,0.1543,0.4342,1
1771012888.436539,0.1543,0.4342,1
1771012888.442636,0.1543,0.4342,1
1771012888.448757,0.1693,0.4342,1
1771012888.454879,0.1693,0.4342,1
1771012888.461082,0.1693,0.4342,1
1771012888.467204,0.1842,0.4342,1
1771012888.473300,0.1842,0.4342,1
1771012888.479411,0.1842,0.4342,1
1771012888.485614,0.1992,0.4342,1
1771012888.491739,0.1992,0.4342,1
1771012888.497861,0.1992,0.4342,1
1771012888.503980,0.2142,0.4467,1
1771012888.510076,0.2142,0.4467,1
1771012888.516177,0.2142,0.4467,1
1771012888.522328,0.2142,0.4467,1
1771012888.528449,0.2291,0.4467,1
1771012888.534646,0.2291,0.4467,1
1771012888.540767,0.2291,0.4467,1
1771012888.546921,0.2366,0.4467,1
1771012888.553039,0.2366,0.4467,1
1771012888.559288,0.2366,0.4467,1
1771012888.565419,0.2515,0.4467,1
1771012888.571540,0.2515,0.4467,1
1771012888.577696,0.2515,0.4467,1
1771012888.583817,0.2740,0.4718,1
1771012888.589951,0.2740,0.4718,1
1771012888.596058,0.2740,0.4718,1
1771012888.602156,0.2740,0.4718,1
1771012888.608251,0.2889,0.4844,1
1771012888.614348,0.2889,0.4844,1
1771012888.620463,0.2889,0.4844,1
1771012888.626560,0.3114,0.5095,1
1771012888.632687,0.3114,0.5095,1
1771012888.638784,0.3114,0.5095,1
1771012888.644917,0.3338,0.5095,1
1771012888.651011,0.3338,0.5095,1
1771012888.657141,0.3338,0.5095,1
1771012888.663234,0.3338,0.5095,1
1771012888.669327,0.3488,0.5220,1
1771012888.675462,0.3488,0.5220,1
1771012888.681602,0.3488,0.5220,1
1771012888.687724,0.3712,0.5346,1
1771012888.693854,0.3712,0.5346,1
1771012888.699980,0.3712,0.5346,1
1771012888.706093,0.4011,0.5597,1
1771012888.712239,0.4011,0.5597,1
1771012888.718331,0.4011,0.5597,1
1771012888.724458,0.4235,0.5722,1
1771012888.730582,0.4235,0.5722,1
1771012888.736697,0.4235,0.5722,1
1771012888.742904,0.4235,0.5722,1
1771012888.749023,0.4460,0.5973,1
1771012888.755163,0.4460,0.5973,1
1771012888.761230,0.4460,0.5973,1
1771012888.767318,0.4834,0.6098,1
1771012888.773421,0.4834,0.6098,1
1771012888.779633,0.4834,0.6098,1
1771012888.785737,0.5208,0.6349,1
1771012888.791835,0.5208,0.6349,1
1771012888.797930,0.5208,0.6349,1
1771012888.804017,0.5581,0.6475,1
1771012888.810141,0.5581,0.6475,1
1771012888.816224,0.5581,0.6475,1
1771012888.822317,0.5581,0.6475,1
1771012888.828520,0.5955,0.6600,1
1771012888.834641,0.5955,0.6600,1
1771012888.840771,0.5955,0.6600,1
1771012888.846916,0.6254,0.6851,1
1771012888.853032,0.6254,0.6851,1
1771012888.859257,0.6254,0.6851,1
1771012888.865351,0.6703,0.6977,1
1771012888.871485,0.6703,0.6977,1
1771012888.877694,0.6703,0.6977,1
1771012888.883921,0.7152,0.7228,1
1771012888.890052,0.7152,0.7228,1
1771012888.896181,0.7152,0.7228,1
1771012888.902340,0.7152,0.7228,1
1771012888.908544,0.7600,0.7353,1
1771012888.914667,0.7600,0.7353,1
1771012888.920784,0.7600,0.7353,1
1771012888.926999,0.8049,0.7604,1
1771012888.933200,0.8049,0.7604,1
1771012888.939297,0.8049,0.7604,1
1771012888.945396,0.8573,0.7855,1
1771012888.951488,0.8573,0.7855,1
1771012888.957716,0.8573,0.7855,1
1771012888.963813,0.9171,0.8231,1
1771012888.969929,0.9171,0.8231,1
1771012888.976063,0.9171,0.8231,1
1771012888.982190,0.9171,0.8231,1
1771012888.988289,0.9919,0.8608,1
1771012888.994390,0.9919,0.8608,1
1771012889.000484,0.9919,0.8608,1
1771012889.006614,1.0816,0.8984,1
1771012889.012734,1.0816,0.8984,1
1771012889.018854,1.0816,0.8984,1
1771012889.024997,1.1564,0.9361,1
1771012889.031120,1.1564,0.9361,1
1771012889.037243,1.1564,0.9361,1
1771012889.043348,1.2237,0.9737,1
1771012889.049455,1.2237,0.9737,1
1771012889.055545,1.2237,0.9737,1
1771012889.061754,1.2237,0.9737,1
1771012889.067848,1.2835,1.0114,1
1771012889.073969,1.2835,1.0114,1
1771012889.080120,1.2835,1.0114,1
1771012889.086324,1.3508,1.0364,1
1771012889.092418,1.3508,1.0364,1
1771012889.098535,1.3508,1.0364,1
1771012889.104651,1.4705,1.1117,1
1771012889.110857,1.4705,1.1117,1
1771012889.117067,1.4705,1.1117,1
1771012889.123169,1.5677,1.1619,1
1771012889.129305,1.5677,1.1619,1
1771012889.135394,1.5677,1.1619,1
1771012889.141488,1.5677,1.1619,1
1771012889.147688,1.6574,1.2246,1
1771012889.153805,1.6574,1.2246,1
1771012889.159924,1.6574,1.2246,1
1771012889.166128,1.7247,1.2623,1
1771012889.172241,1.7247,1.2623,1
1771012889.178351,1.7247,1.2623,1
1771012889.184448,1.7920,1.2874,1
1771012889.190573,1.7920,1.2874,1
1771012889.196776,1.7920,1.2874,1
1771012889.202889,1.7920,1.2874,1
1771012889.208989,1.8743,1.3501,1
1771012889.215117,1.8743,1.3501,1
1771012889.221239,1.8743,1.3501,1
1771012889.227337,1.9715,1.4003,1
1771012889.233433,1.9715,1.4003,1
1771012889.239538,1.9715,1.4003,1
1771012889.245748,2.0463,1.4505,1
1771012889.251837,2.0463,1.4505,1
1771012889.257937,2.0463,1.4505,1
1771012889.264033,2.1210,1.5132,1
1771012889.270267,2.1210,1.5132,1
1771012889.276384,2.1210,1.5132,1
1771012889.282483,2.1210,1.5132,1
1771012889.288581,2.2257,1.5634,1
1771012889.294788,2.2257,1.5634,1
1771012889.300995,2.2257,1.5634,1
1771012889.307095,2.3155,1.6136,1
1771012889.313192,2.3155,1.6136,1
1771012889.319327,2.3155,1.6136,1
1771012889.325422,2.3977,1.6512,1
1771012889.331517,2.3977,1.6512,1
1771012889.337607,2.3977,1.6512,1
1771012889.343709,2.4576,1.6889,1
1771012889.349917,2.4576,1.6889,1
1771012889.356038,2.4576,1.6889,1
1771012889.362145,2.4576,1.6889,1
1771012889.368215,2.5174,1.7265,1
1771012889.374332,2.5174,1.7265,1
1771012889.380464,2.5174,1.7265,1
1771012889.386559,2.6520,1.7893,1
1771012889.392658,2.6520,1.7893,1
1771012889.398885,2.6520,1.7893,1
1771012889.405001,2.7791,1.9022,1
1771012889.411099,2.7791,1.9022,1
1771012889.417192,2.7791,1.9022,1
1771012889.423290,2.8988,1.9900,1
1771012889.429382,2.8988,1.9900,1
1771012889.435469,2.8988,1.9900,1
1771012889.441569,2.8988,1.9900,1
1771012889.447668,2.9960,2.0653,1
1771012889.453803,2.9960,2.0653,1
1771012889.460004,2.9960,2.0653,1
1771012889.466101,3.0857,2.1155,1
1771012889.472196,3.0857,2.1155,1
1771012889.478342,3.0857,2.1155,1
1771012889.484542,3.1530,2.1657,1
1771012889.490646,3.1530,2.1657,1
1771012889.496746,3.1530,2.1657,1
1771012889.502946,3.2203,2.2284,1
1771012889.509145,3.2203,2.2284,1
1771012889.515223,3.2203,2.2284,1
1771012889.521312,3.2203,2.2284,1
1771012889.527409,3.3923,2.3288,1
1771012889.533609,3.3923,2.3288,1
1771012889.539743,3.3923,2.3288,1
1771012889.545848,3.5269,2.4166,1
1771012889.551940,3.5269,2.4166,1
1771012889.558167,3.5269,2.4166,1
1771012889.564323,3.6391,2.4919,1
1771012889.570412,3.6391,2.4919,1
1771012889.576513,3.6391,2.4919,1
1771012889.582712,3.6391,2.4919,1
1771012889.588841,3.7288,2.5421,1
1771012889.595047,3.7288,2.5421,1
1771012889.601138,3.7288,2.5421,1
1771012889.607233,3.8036,2.6048,1
1771012889.613316,3.8036,2.6048,1
1771012889.619447,3.8036,2.6048,1
1771012889.625544,3.8709,2.6425,1
1771012889.631641,3.8709,2.6425,1
1771012889.637761,3.8709,2.6425,1
1771012889.643951,3.9307,2.6676,1
1771012889.650046,3.9307,2.6676,1
1771012889.656147,3.9307,2.6676,1
1771012889.662333,3.9307,2.6676,1
1771012889.668423,3.9831,2.7052,1
1771012889.674531,3.9831,2.7052,1
1771012889.680633,3.9831,2.7052,1
1771012889.686840,4.0279,2.7428,1
1771012889.693046,4.0279,2.7428,1
1771012889.699243,4.0279,2.7428,1
1771012889.705360,4.0578,2.7679,1
1771012889.711455,4.0578,2.7679,1
1771012889.717653,4.0578,2.7679,1
1771012889.723777,4.0878,2.7805,1
1771012889.729872,4.0878,2.7805,1
1771012889.735964,4.0878,2.7805,1
1771012889.742181,4.0878,2.7805,1
1771012889.748228,4.1102,2.7930,1
1771012889.754317,4.1102,2.7930,1
1771012889.760440,4.1102,2.7930,1
1771012889.766609,4.1401,2.8181,1
1771012889.772738,4.1401,2.8181,1
1771012889.778869,4.1401,2.8181,1
1771012889.784994,4.1551,2.8307,1
1771012889.791130,4.1551,2.8307,1
1771012889.797318,4.1551,2.8307,1
1771012889.803407,4.1700,2.8558,1
1771012889.809531,4.1700,2.8558,1
1771012889.815661,4.1700,2.8558,1
1771012889.821809,4.1700,2.8558,1
1771012889.828020,4.1775,2.8558,1
1771012889.834141,4.1775,2.8558,1
1771012889.840236,4.1775,2.8558,1
1771012889.846318,4.1850,2.8558,1
1771012889.852465,4.1850,2.8558,1
1771012889.858584,4.1850,2.8558,1
1771012889.864708,4.1999,2.8558,1
1771012889.870826,4.1999,2.8558,1
1771012889.877039,4.1999,2.8558,1
1771012889.883160,4.2074,2.8558,1
1771012889.889290,4.2074,2.8558,1
1771012889.895425,4.2074,2.8558,1
1771012889.901627,4.2074,2.8558,1
1771012889.907755,4.2149,2.8558,1
1771012889.913879,4.2149,2.8558,1
1771012889.919995,4.2149,2.8558,1
1771012889.926310,4.2224,2.8558,1
1771012889.932410,4.2224,2.8558,1
1771012889.938524,4.2224,2.8558,1
1771012889.944650,4.2224,2.8558,1
1771012889.950857,4.2224,2.8558,1
1771012889.956985,4.2224,2.8558,1
1771012889.963083,4.2224,2.8558,1
1771012889.969203,4.2224,2.8558,1
1771012889.975310,4.2224,2.8558,1
1771012889.981409,4.2224,2.8558,1
1771012889.987530,4.2224,2.8558,1
1771012889.993654,4.2224,2.8558,1
1771012889.999779,4.2224,2.8558,1
1771012890.005886,4.2224,2.8558,1
1771012890.012097,4.2224,2.8558,1
1771012890.018236,4.2224,2.8558,1
1771012890.024349,4.2224,2.8558,1
1771012890.030547,4.2224,2.8558,1
1771012890.036748,4.2224,2.8558,1
1771012890.042869,4.2224,2.8558,1
1771012890.048964,4.2224,2.8558,1
1771012890.055086,4.2224,2.8558,1
1771012890.061304,4.2224,2.8558,1
1771012890.067397,4.2224,2.8558,1
1771012890.073525,4.2224,2.8558,1
1771012890.079669,4.2224,2.8558,1
1771012890.085793,4.2224,2.8558,1
1771012890.091977,4.2224,2.8558,1
1771012890.098101,4.2224,2.8558,1
1771012890.104237,4.2224,2.8558,1
1771012890.110309,4.2224,2.8558,1
1771012890.116432,4.2224,2.8558,1
1771012890.122554,4.2224,2.8558,1
1771012890.128684,4.2224,2.8558,1
1771012890.134888,4.2224,2.8558,1
1771012890.141015,4.2224,2.8558,1
1771012890.147138,4.2224,2.8558,1
1771012890.153248,4.2224,2.8558,1
1771012890.159351,4.2224,2.8558,1
1771012890.165468,4.2224,2.8558,1
1771012890.171593,4.2224,2.8558,1
1771012890.177724,4.2224,2.8558,1
1771012890.183875,4.2224,2.8558,1
1771012890.189979,4.2224,2.8558,1
1771012890.196081,4.2224,2.8558,1
1771012890.202197,4.2224,2.8558,1
1771012890.208296,4.2224,2.8558,1
1771012890.214389,4.2224,2.8558,1
1771012890.220476,4.2224,2.8558,1
1771012890.226603,4.2224,2.8558,1
1771012890.232728,4.2224,2.8558,1
1771012890.238855,4.2224,2.8558,1
1771012890.245066,4.2224,2.8558,1
1771012890.251289,4.2224,2.8558,1
1771012890.257385,4.2224,2.8558,1
1771012890.263480,4.2224,2.8558,1
1771012890.269578,4.2224,2.8558,1
1771012890.275796,4.2224,2.8558,1
1771012890.281923,4.2224,2.8558,1
1771012890.288048,4.2224,2.8558,1
1771012890.294259,4.2224,2.8558,1
1771012890.300352,4.2224,2.8558,1
1771012890.306479,4.2224,2.8558,1
1771012890.312604,4.2224,2.8558,1
1771012890.318826,4.2224,2.8558,1
1771012890.324923,4.2224,2.8558,1
1771012890.331193,4.2224,2.8558,1
1771012890.337282,4.2224,2.8558,1
1771012890.343339,4.2224,2.8558,1
1771012890.349434,4.2224,2.8558,1
1771012890.355554,4.2224,2.8558,1
1771012890.361647,4.2224,2.8558,1
1771012890.367735,4.2224,2.8558,1
1771012890.373874,4.2224,2.8558,1
1771012890.379973,4.2224,2.8558,1
1771012890.386071,4.2224,2.8558,1
1771012890.392174,4.2224,2.8558,1
1771012890.398289,4.2224,2.8558,1
1771012890.404377,4.2224,2.8558,1
1771012890.410496,4.2224,2.8558,1
1771012890.416618,4.2224,2.8558,1
1771012890.422746,4.2224,2.8558,1
1771012890.428953,4.2224,2.8558,1
1771012890.435093,4.2224,2.8558,1
1771012890.441225,4.2224,2.8558,1
1771012890.447317,4.2224,2.8558,1
1771012890.453510,4.2224,2.8558,1
1771012890.459641,4.2224,2.8558,1
1771012890.465767,4.2224,2.8558,1
1771012890.471870,4.2224,2.8558,1
1771012890.478088,4.2224,2.8558,1
1771012890.484205,4.2224,2.8558,1
1771012890.490311,4.2224,2.8558,1
1771012890.496432,4.2224,2.8558,1
1771012890.502626,4.2224,2.8558,1
1771012890.508844,4.2224,2.8558,1
1771012890.514966,4.2224,2.8558,1
1771012890.521081,4.2224,2.8558,1
1771012890.527183,4.2149,2.8934,1
1771012890.533323,4.2149,2.8934,1
1771012890.539445,4.2149,2.8934,1
1771012890.545536,4.1700,2.9561,1
1771012890.551627,4.1700,2.9561,1
1771012890.557730,4.1700,2.9561,1
1771012890.563946,4.1401,3.0189,1
1771012890.570061,4.1401,3.0189,1
1771012890.576164,4.1401,3.0189,1
1771012890.582338,4.1401,3.0189,1
1771012890.588461,4.0952,3.0691,1
1771012890.594601,4.0952,3.0691,1
1771012890.600726,4.0952,3.0691,1
1771012890.606827,4.0578,3.1067,1
1771012890.612962,4.0578,3.1067,1
1771012890.619113,4.0578,3.1067,1
1771012890.625234,4.0279,3.1443,1
1771012890.631333,4.0279,3.1443,1
1771012890.637531,4.0279,3.1443,1
1771012890.643708,3.9980,3.1694,1
1771012890.649825,3.9980,3.1694,1
1771012890.655952,3.9980,3.1694,1
1771012890.662075,3.9980,3.1694,1
1771012890.668191,3.9756,3.1945,1
1771012890.674293,3.9756,3.1945,1
1771012890.680398,3.9756,3.1945,1
1771012890.686534,3.9532,3.2071,1
1771012890.692675,3.9532,3.2071,1
1771012890.698813,3.9532,3.2071,1
1771012890.704917,3.9307,3.2322,1
1771012890.711072,3.9307,3.2322,1
1771012890.717205,3.9307,3.2322,1
1771012890.723305,3.9158,3.2447,1
1771012890.729400,3.9158,3.2447,1
1771012890.735489,3.9158,3.2447,1
1771012890.741591,3.9158,3.2447,1
1771012890.747783,3.9008,3.2447,1
1771012890.753872,3.9008,3.2447,1
1771012890.759999,3.9008,3.2447,1
1771012890.766124,3.8709,3.2447,1
1771012890.772237,3.8709,3.2447,1
1771012890.778342,3.8709,3.2447,1
1771012890.784464,3.8559,3.2447,1
1771012890.790681,3.8559,3.2447,1
1771012890.796884,3.8559,3.2447,1
1771012890.803001,3.8410,3.2698,1
1771012890.809128,3.8410,3.2698,1
1771012890.815312,3.8410,3.2698,1
1771012890.821436,3.8410,3.2698,1
1771012890.827581,3.8260,3.2698,1
1771012890.833702,3.8260,3.2698,1
1771012890.839832,3.8260,3.2698,1
1771012890.846037,3.8036,3.2698,1
1771012890.852264,3.8036,3.2698,1
1771012890.858382,3.8036,3.2698,1
1771012890.864499,3.7886,3.2698,1
1771012890.870587,3.7886,3.2698,1
1771012890.876799,3.7886,3.2698,1
1771012890.882921,3.7812,3.2698,1
1771012890.889056,3.7812,3.2698,1
1771012890.895298,3.7812,3.2698,1
1771012890.901400,3.7812,3.2698,1
1771012890.907521,3.7737,3.2698,1
1771012890.913642,3.7737,3.2698,1
1771012890.919758,3.7737,3.2698,1
1771012890.925967,3.7662,3.2698,1
1771012890.932092,3.7662,3.2698,1
1771012890.938187,3.7662,3.2698,1
1771012890.944300,3.7512,3.2698,1
1771012890.950393,3.7512,3.2698,1
1771012890.956522,3.7512,3.2698,1
1771012890.962648,3.7438,3.2698,1
1771012890.968737,3.7438,3.2698,1
1771012890.974845,3.7438,3.2698,1
1771012890.981021,3.7438,3.2698,1
1771012890.987116,3.7363,3.2698,1
1771012890.993257,3.7363,3.2698,1
1771012890.999352,3.7363,3.2698,1
1771012891.005450,3.7288,3.2698,1
1771012891.011610,3.7288,3.2698,1
1771012891.017733,3.7288,3.2698,1
1771012891.023861,3.7213,3.2698,1
1771012891.030069,3.7213,3.2698,1
1771012891.036192,3.7213,3.2698,1
1771012891.042291,3.7213,3.2698,1
1771012891.048410,3.7213,3.2698,1
1771012891.054523,3.7213,3.2698,1
1771012891.060728,3.7213,3.2698,1
1771012891.066821,3.7213,3.2698,1
1771012891.072924,3.7213,3.2698,1
1771012891.079141,3.7213,3.2698,1
1771012891.085227,3.7213,3.2698,1
1771012891.091328,3.7213,3.2698,1
1771012891.097423,3.7213,3.2698,1
1771012891.103511,3.7139,3.2698,1
1771012891.109637,3.7139,3.2698,1
1771012891.115839,3.7139,3.2698,1
1771012891.121937,3.7139,3.2698,1
1771012891.128062,3.7139,3.2698,1
1771012891.134192,3.7139,3.2698,1
1771012891.140293,3.7139,3.2698,1
1771012891.146387,3.7139,3.2698,1
1771012891.152499,3.7139,3.2698,1
1771012891.158687,3.7139,3.2698,1
1771012891.164876,3.7139,3.2698,1
1771012891.170989,3.7139,3.2698,1
1771012891.177117,3.7139,3.2698,1
1771012891.183368,3.7139,3.2698,1
1771012891.189506,3.7139,3.2698,1
1771012891.195722,3.7139,3.2698,1
1771012891.201854,3.7139,3.2698,1
1771012891.207978,3.7139,3.2698,1
1771012891.214190,3.7139,3.2698,1
1771012891.220340,3.7139,3.2698,2
1771012891.226483,3.7139,3.2824,2
1771012891.232622,3.7139,3.2824,2
1771012891.238773,3.7139,3.2824,2
1771012891.244905,3.7139,3.2824,2
1771012891.251050,3.7139,3.2824,2
1771012891.257144,3.7139,3.2824,2
1771012891.263282,3.7064,3.2949,2
1771012891.269398,3.7064,3.2949,2
1771012891.275508,3.7064,3.2949,2
1771012891.281635,3.7064,3.2949,2
1771012891.287772,3.6989,3.2949,2
1771012891.293928,3.6989,3.2949,2
1771012891.300076,3.6989,3.2949,2
1771012891.306254,3.6765,3.3200,2
1771012891.312356,3.6765,3.3200,2
1771012891.318555,3.6765,3.3200,2
1771012891.324683,3.6690,3.3200,2
1771012891.330780,3.6690,3.3200,2
1771012891.336867,3.6690,3.3200,2
1771012891.343074,3.6615,3.3200,2
1771012891.349288,3.6615,3.3200,2
1771012891.355389,3.6615,3.3200,2
1771012891.361494,3.6615,3.3200,2
1771012891.367612,3.6540,3.3200,2
1771012891.373832,3.6540,3.3200,2
1771012891.380041,3.6540,3.3200,2
1771012891.386165,3.6466,3.3200,2
1771012891.392264,3.6466,3.3200,2
1771012891.398364,3.6466,3.3200,2
1771012891.404566,3.6391,3.3200,2
1771012891.410695,3.6391,3.3200,2
1771012891.416818,3.6391,3.3200,2
1771012891.422951,3.6241,3.3200,2
1771012891.429106,3.6241,3.3200,2
1771012891.435321,3.6241,3.3200,2
1771012891.441450,3.6241,3.3200,2
1771012891.447568,3.6241,3.3200,2
1771012891.453782,3.6241,3.3200,2
1771012891.459993,3.6241,3.3200,2
1771012891.466092,3.6241,3.3200,2
1771012891.472200,3.6241,3.3200,2
1771012891.478342,3.6241,3.3200,2
1771012891.484542,3.6241,3.3200,2
1771012891.490674,3.6241,3.3200,2
1771012891.496808,3.6241,3.3200,2
1771012891.503012,3.6166,3.3200,2
1771012891.509137,3.6166,3.3200,2
1771012891.515379,3.6166,3.3200,2
1771012891.521496,3.6166,3.3200,2
1771012891.527624,3.6166,3.3200,2
1771012891.533829,3.6166,3.3200,2
1771012891.539932,3.6166,3.3200,2
1771012891.546057,3.6166,3.3200,2
1771012891.552178,3.6166,3.3200,2
1771012891.558294,3.6166,3.3200,2
1771012891.564387,3.6166,3.3200,2
1771012891.570498,3.6166,3.3200,2
1771012891.576619,3.6166,3.3200,2
1771012891.582826,3.6166,3.3200,2
1771012891.588945,3.6166,3.3200,2
1771012891.595075,3.6166,3.3200,2
1771012891.601222,3.6166,3.3200,2
1771012891.607334,3.6166,3.3200,2
1771012891.613446,3.6166,3.3200,2
1771012891.619534,3.6166,3.3200,2
1771012891.625659,3.6166,3.3200,2
1771012891.631757,3.6166,3.3200,2
1771012891.637848,3.6166,3.3200,2
1771012891.644063,3.6166,3.3200,2
1771012891.650155,3.6166,3.3200,2
1771012891.656253,3.6166,3.3200,2
1771012891.662315,3.6166,3.3200,2
1771012891.668404,3.6166,3.3200,2
1771012891.674529,3.6166,3.3200,2
1771012891.680655,3.6166,3.3200,2
1771012891.686843,3.6166,3.3200,2
1771012891.692978,3.6166,3.3200,2
1771012891.699085,3.6166,3.3200,2
1771012891.705193,3.6166,3.3200,2
1771012891.711265,3.6166,3.3200,2
1771012891.717339,3.6166,3.3200,2
1771012891.723448,3.6166,3.3200,2
1771012891.729561,3.6166,3.3200,2
1771012891.735655,3.6166,3.3200,2
1771012891.741816,3.6166,3.3200,2
1771012891.747919,3.6166,3.3200,2
1771012891.754014,3.6166,3.3200,2
1771012891.760142,3.6166,3.3200,2
1771012891.766235,3.6166,3.3200,2
1771012891.772331,3.6166,3.3200,2
1771012891.778453,3.6166,3.3200,2
1771012891.784568,3.6166,3.3200,2
1771012891.790706,3.6166,3.3200,2
1771012891.796916,3.6166,3.3200,2
1771012891.803117,3.6166,3.3200,2
1771012891.809244,3.6166,3.3200,2
1771012891.815339,3.6166,3.3200,2
1771012891.821428,3.6166,3.3200,2
1771012891.827584,3.6092,3.3200,2
1771012891.833699,3.6092,3.3200,2
1771012891.839787,3.6092,3.3200,2
1771012891.845914,3.6092,3.3200,2
1771012891.852129,3.6092,3.3200,2
1771012891.858236,3.6092,3.3200,2
1771012891.864331,3.6092,3.3200,2
1771012891.870444,3.6092,3.3200,2
1771012891.876569,3.6092,3.3200,2
1771012891.882695,3.6092,3.3200,2
1771012891.888820,3.6092,3.3200,2
1771012891.894928,3.6092,3.3200,2
1771012891.901145,3.6092,3.3200,2
1771012891.907294,3.6092,3.3200,2
1771012891.913410,3.6092,3.3200,2
1771012891.919497,3.6092,3.3200,2
1771012891.925643,3.6092,3.3200,2
1771012891.931752,3.6092,3.3200,2
1771012891.937878,3.6092,3.3200,2
1771012891.944003,3.6092,3.3200,2
1771012891.950217,3.6092,3.3200,2
1771012891.956317,3.6092,3.3200,2
1771012891.962442,3.6092,3.3200,2
1771012891.968558,3.6092,3.3200,2
1771012891.974787,3.6092,3.3200,2
1771012891.981009,3.6092,3.3200,2
1771012891.987135,3.6092,3.3200,2
1771012891.993260,3.6092,3.3200,2
1771012891.999327,3.6092,3.3200,2
1771012892.005452,3.6092,3.3200,2
1771012892.011585,3.6092,3.3200,2
1771012892.017677,3.6092,3.3200,2
1771012892.023801,3.6092,3.3200,2
1771012892.030009,3.6092,3.3200,2
1771012892.036243,3.6092,3.3200,2
1771012892.042340,3.6092,3.3200,2
1771012892.048437,3.6092,3.3200,2
1771012892.054579,3.6092,3.3200,2
1771012892.060728,3.6092,3.3200,2
1771012892.066851,3.6092,3.3200,2
1771012892.072980,3.6092,3.3200,2
1771012892.079218,3.6092,3.3200,2
1771012892.085266,3.6092,3.3200,2
1771012892.091388,3.6092,3.3200,2
1771012892.097491,3.6092,3.3200,2
1771012892.103582,3.6092,3.3200,2
1771012892.109793,3.6092,3.3200,2
1771012892.116008,3.6092,3.3200,2
1771012892.122106,3.6092,3.3200,2
1771012892.128253,3.6092,3.3200,2
1771012892.134326,3.6092,3.3200,2
1771012892.140536,3.6092,3.3200,2
1771012892.146631,3.6092,3.3200,2
1771012892.152744,3.6092,3.3200,2
1771012892.158955,3.6092,3.3200,2
1771012892.165095,3.6092,3.3200,2
1771012892.171192,3.6092,3.3200,2
1771012892.177300,3.6092,3.3200,2
1771012892.183394,3.6092,3.3200,2
1771012892.189496,3.6092,3.3200,2
1771012892.195709,3.6092,3.3200,2
1771012892.201834,3.6092,3.3200,2
1771012892.207932,3.6092,3.3200,2
1771012892.214141,3.6092,3.3200,2
1771012892.220316,3.6092,3.3200,2
1771012892.226459,3.6092,3.3200,2
1771012892.232592,3.6092,3.3200,2
1771012892.238729,3.6092,3.3200,2
1771012892.244868,3.6092,3.3200,2
1771012892.251079,3.6092,3.3200,2
1771012892.257226,3.6092,3.3200,2
1771012892.263356,3.6092,3.3200,2
1771012892.269444,3.6092,3.3200,2
1771012892.275573,3.6092,3.3200,2
1771012892.281700,3.6092,3.3200,2
1771012892.287818,3.6092,3.3200,2
1771012892.294032,3.6092,3.3200,2
1771012892.300264,3.6092,3.3200,2
1771012892.306380,3.6092,3.3200,2
1771012892.312474,3.6092,3.3200,2
1771012892.318684,3.6092,3.3200,2
1771012892.324810,3.6017,3.3200,2
1771012892.330985,3.6017,3.3200,2
1771012892.337075,3.6017,3.3200,2
1771012892.343289,3.6017,3.3200,2
1771012892.349423,3.6017,3.3200,2
1771012892.355544,3.6017,3.3200,2
1771012892.361667,3.6017,3.3200,2
1771012892.367787,3.6017,3.3200,2
1771012892.374002,3.6017,3.3200,2
1771012892.380236,3.6017,3.3200,2
1771012892.386340,3.6017,3.3200,2
1771012892.392465,3.6017,3.3200,2
1771012892.398628,3.6017,3.3200,2
1771012892.404718,3.6017,3.3200,2
1771012892.410843,3.6017,3.3200,2
1771012892.416936,3.6017,3.3200,2
1771012892.423047,3.6017,3.3200,2
1771012892.429259,3.6017,3.3200,2
1771012892.435348,3.6017,3.3200,2
1771012892.441459,3.6017,3.3200,2
1771012892.447583,3.6017,3.3200,2
1771012892.453765,3.6017,3.3200,2
1771012892.459890,3.6017,3.3200,2
1771012892.466016,3.6017,3.3200,2
1771012892.472146,3.6017,3.3200,2
1771012892.478319,3.6017,3.3200,2
1771012892.484412,3.6017,3.3200,2
1771012892.490521,3.6017,3.3200,2
1771012892.496676,3.6017,3.3200,2
1771012892.502902,3.6017,3.3200,2
1771012892.509039,3.6017,3.3200,2
1771012892.515291,3.6017,3.3200,2
1771012892.521390,3.6017,3.3200,2
1771012892.527496,3.6017,3.3200,2
1771012892.533701,3.6017,3.3200,2
1771012892.539852,3.6017,3.3200,2
1771012892.545963,3.6017,3.3200,2
1771012892.552057,3.6017,3.3200,2
1771012892.558263,3.6017,3.3200,2
1771012892.564361,3.6017,3.3200,2
1771012892.570451,3.6017,3.3200,2
1771012892.576552,3.6017,3.3200,2
1771012892.582677,3.6017,3.3200,2
1771012892.588798,3.6017,3.3200,2
1771012892.594901,3.6017,3.3200,2
1771012892.600998,3.6017,3.3200,2
1771012892.607224,3.6017,3.3200,2
1771012892.613315,3.6017,3.3200,2
1771012892.619404,3.6017,3.3200,2
1771012892.625525,3.6017,3.3200,2
1771012892.631618,3.6017,3.3200,2
1771012892.637737,3.6017,3.3200,2
1771012892.643955,3.6017,3.3200,2
1771012892.650078,3.6017,3.3200,2
1771012892.656240,3.6017,3.3200,2
1771012892.662326,3.6017,3.3200,2
1771012892.668416,3.6017,3.3200,2
1771012892.674542,3.6017,3.3200,2
1771012892.680676,3.6017,3.3200,2
1771012892.686877,3.6017,3.3200,2
1771012892.693086,3.6017,3.3200,2
1771012892.699230,3.6017,3.3200,2
1771012892.705346,3.6017,3.3200,2
1771012892.711448,3.6017,3.3200,2
1771012892.717650,3.6017,3.3200,2
1771012892.723772,3.6017,3.3200,2
1771012892.729873,3.6017,3.3200,2
1771012892.735963,3.6017,3.3200,2
1771012892.742218,3.6017,3.2949,2
1771012892.748323,3.6017,3.2949,2
1771012892.754445,3.6017,3.2949,2
1771012892.760572,3.6017,3.2949,2
1771012892.766781,3.6017,3.2824,2
1771012892.772913,3.6017,3.2824,2
1771012892.779131,3.6017,3.2824,2
1771012892.785213,3.6092,3.2698,2
1771012892.791327,3.6092,3.2698,2
1771012892.797427,3.6092,3.2698,2
1771012892.803513,3.6166,3.2322,2
1771012892.809610,3.6166,3.2322,2
1771012892.815708,3.6166,3.2322,2
1771012892.821826,3.6241,3.1945,2
1771012892.828033,3.6241,3.1945,2
1771012892.834128,3.6241,3.1945,2
1771012892.840232,3.6241,3.1945,2
1771012892.846329,3.6391,3.1569,2
1771012892.852419,3.6391,3.1569,2
1771012892.858517,3.6391,3.1569,2
1771012892.864610,3.6540,3.1067,2
1771012892.870806,3.6540,3.1067,2
1771012892.876907,3.6540,3.1067,2
1771012892.883032,3.6615,3.0440,2
1771012892.889135,3.6615,3.0440,2
1771012892.895240,3.6615,3.0440,2
1771012892.901339,3.6690,2.9938,2
1771012892.907440,3.6690,2.9938,2
1771012892.913566,3.6690,2.9938,2
1771012892.919656,3.6690,2.9938,2
1771012892.925864,3.6839,2.9436,2
1771012892.931988,3.6839,2.9436,2
1771012892.938083,3.6839,2.9436,2
1771012892.944253,3.7064,2.8934,2
1771012892.950340,3.7064,2.8934,2
1771012892.956476,3.7064,2.8934,2
1771012892.962608,3.7139,2.8558,2
1771012892.968731,3.7139,2.8558,2
1771012892.974959,3.7139,2.8558,2
1771012892.981081,3.7139,2.8558,2
1771012892.987234,3.7288,2.8181,2
1771012892.993340,3.7288,2.8181,2
1771012892.999442,3.7288,2.8181,2
1771012893.005576,3.7363,2.7805,2
1771012893.011801,3.7363,2.7805,2
1771012893.017893,3.7363,2.7805,2
1771012893.023995,3.7512,2.7428,2
1771012893.030207,3.7512,2.7428,2
1771012893.036325,3.7512,2.7428,2
1771012893.042426,3.7737,2.7052,2
1771012893.048522,3.7737,2.7052,2
1771012893.054639,3.7737,2.7052,2
1771012893.060843,3.7737,2.7052,2
1771012893.066965,3.7886,2.6676,2
1771012893.073071,3.7886,2.6676,2
1771012893.079282,3.7886,2.6676,2
1771012893.085346,3.8036,2.6425,2
1771012893.091490,3.8036,2.6425,2
1771012893.097630,3.8036,2.6425,2
1771012893.103751,3.8260,2.6174,2
1771012893.109847,3.8260,2.6174,2
1771012893.116053,3.8260,2.6174,2
1771012893.122153,3.8485,2.6048,2
1771012893.128272,3.8485,2.6048,2
1771012893.134320,3.8485,2.6048,2
1771012893.140449,3.8485,2.6048,2
1771012893.146571,3.8709,2.5797,2
1771012893.152659,3.8709,2.5797,2
1771012893.158789,3.8709,2.5797,2
1771012893.164886,3.9008,2.5672,2
1771012893.171091,3.9008,2.5672,2
1771012893.177240,3.9008,2.5672,2
1771012893.183330,3.9232,2.5672,2
1771012893.189443,3.9232,2.5672,2
1771012893.195655,3.9232,2.5672,2
1771012893.201760,3.9532,2.5672,2
1771012893.207861,3.9532,2.5672,2
1771012893.214069,3.9532,2.5672,2
1771012893.220213,3.9532,2.5672,2
1771012893.226326,3.9756,2.5672,2
1771012893.232430,3.9756,2.5672,2
1771012893.238531,3.9756,2.5672,2
1771012893.244736,3.9980,2.5672,2
1771012893.250857,3.9980,2.5672,2
1771012893.256965,3.9980,2.5672,2
1771012893.263173,4.0279,2.5672,2
1771012893.269339,4.0279,2.5672,2
1771012893.275438,4.0279,2.5672,2
1771012893.281540,4.0504,2.5672,2
1771012893.287641,4.0504,2.5672,2
1771012893.293752,4.0504,2.5672,2
1771012893.299853,4.0504,2.5672,2
1771012893.305986,4.0728,2.5421,2
1771012893.312116,4.0728,2.5421,2
1771012893.318321,4.0728,2.5421,2
1771012893.324419,4.0728,2.5170,2
1771012893.330540,4.0728,2.5170,2
1771012893.336658,4.0728,2.5170,2
1771012893.342820,4.0803,2.4793,2
1771012893.349027,4.0803,2.4793,2
1771012893.355156,4.0803,2.4793,2
1771012893.361244,4.0878,2.4543,2
1771012893.367336,4.0878,2.4543,2
1771012893.373459,4.0878,2.4543,2
1771012893.379652,4.0878,2.4543,2
1771012893.385801,4.1027,2.4417,2
1771012893.391930,4.1027,2.4417,2
1771012893.398035,4.1027,2.4417,2
1771012893.404242,4.1177,2.4417,2
1771012893.410340,4.1177,2.4417,2
1771012893.416461,4.1177,2.4417,2
1771012893.422560,4.1476,2.4417,2
1771012893.428727,4.1476,2.4417,2
1771012893.434929,4.1476,2.4417,2
1771012893.441053,4.1700,2.4417,2
1771012893.447289,4.1700,2.4417,2
1771012893.453391,4.1700,2.4417,2
1771012893.459486,4.1700,2.4417,2
1771012893.465587,4.1999,2.4543,2
1771012893.471682,4.1999,2.4543,2
1771012893.477886,4.1999,2.4543,2
1771012893.484090,4.2224,2.4543,2
1771012893.490219,4.2224,2.4543,2
1771012893.496339,4.2224,2.4543,2
1771012893.502434,4.2598,2.4793,2
1771012893.508595,4.2598,2.4793,2
1771012893.514688,4.2598,2.4793,2
1771012893.520800,4.2598,2.4793,2
1771012893.526896,4.2897,2.4919,2
1771012893.533101,4.2897,2.4919,2
1771012893.539220,4.2897,2.4919,2
1771012893.545330,4.3121,2.5295,2
1771012893.551420,4.3121,2.5295,2
1771012893.557582,4.3121,2.5295,2
1771012893.563707,4.3420,2.5672,2
1771012893.569795,4.3420,2.5672,2
1771012893.575922,4.3420,2.5672,2
1771012893.582065,4.3644,2.6048,2
1771012893.588159,4.3644,2.6048,2
1771012893.594283,4.3644,2.6048,2
1771012893.600378,4.3644,2.6048,2
1771012893.606508,4.4018,2.6425,2
1771012893.612666,4.4018,2.6425,2
1771012893.618784,4.4018,2.6425,2
1771012893.624911,4.4317,2.6676,2
1771012893.631113,4.4317,2.6676,2
1771012893.637190,4.4317,2.6676,2
1771012893.643327,4.4617,2.7303,2
1771012893.649446,4.4617,2.7303,2
1771012893.655551,4.4617,2.7303,2
1771012893.661758,4.4916,2.7805,2
1771012893.667875,4.4916,2.7805,2
1771012893.673972,4.4916,2.7805,2
1771012893.680097,4.4916,2.7805,2
1771012893.686222,4.5290,2.8307,2
1771012893.692322,4.5290,2.8307,2
1771012893.698420,4.5290,2.8307,2
1771012893.704528,4.5738,2.8934,2
1771012893.710740,4.5738,2.8934,2
1771012893.716855,4.5738,2.8934,2
1771012893.723010,4.6112,2.9561,2
1771012893.729122,4.6112,2.9561,2
1771012893.735243,4.6112,2.9561,2
1771012893.741344,4.6561,3.0314,2
1771012893.747465,4.6561,3.0314,2
1771012893.753557,4.6561,3.0314,2
1771012893.759661,4.6561,3.0314,2
1771012893.765783,4.7010,3.1067,2
1771012893.771876,4.7010,3.1067,2
1771012893.777973,4.7010,3.1067,2
1771012893.784069,4.7383,3.1694,2
1771012893.790234,4.7383,3.1694,2
1771012893.796338,4.7383,3.1694,2
1771012893.802430,4.7832,3.2447,2
1771012893.808527,4.7832,3.2447,2
1771012893.814728,4.7832,3.2447,2
1771012893.820926,4.8281,3.3200,2
1771012893.827134,4.8281,3.3200,2
1771012893.833192,4.8281,3.3200,2
1771012893.839273,4.8281,3.3200,2
1771012893.845373,4.8580,3.3953,2
1771012893.851465,4.8580,3.3953,2
1771012893.857565,4.8580,3.3953,2
1771012893.863665,4.8954,3.4580,2
1771012893.869859,4.8954,3.4580,2
1771012893.875979,4.8954,3.4580,2
1771012893.882080,4.9328,3.5333,2
1771012893.888205,4.9328,3.5333,2
1771012893.894326,4.9328,3.5333,2
1771012893.900526,4.9328,3.5333,2
1771012893.906630,4.9776,3.6086,2
1771012893.912730,4.9776,3.6086,2
1771012893.918931,4.9776,3.6086,2
1771012893.925138,5.0300,3.6964,2
1771012893.931194,5.0300,3.6964,2
1771012893.937284,5.0300,3.6964,2
1771012893.943383,5.0823,3.7842,2
1771012893.949510,5.0823,3.7842,2
1771012893.955616,5.0823,3.7842,2
1771012893.961751,5.1197,3.8721,2
1771012893.967883,5.1197,3.8721,2
1771012893.974107,5.1197,3.8721,2
1771012893.980283,5.1197,3.8721,2
1771012893.986398,5.1646,3.9599,2
1771012893.992511,5.1646,3.9599,2
1771012893.998734,5.1646,3.9599,2
1771012894.004881,5.2095,4.0477,2
1771012894.010985,5.2095,4.0477,2
1771012894.017079,5.2095,4.0477,2
1771012894.023247,5.2618,4.1481,2
1771012894.029343,5.2618,4.1481,2
1771012894.035430,5.2618,4.1481,2
1771012894.041529,5.3067,4.2359,2
1771012894.047626,5.3067,4.2359,2
1771012894.053745,5.3067,4.2359,2
1771012894.059869,5.3067,4.2359,2
1771012894.065966,5.3590,4.3238,2
1771012894.072088,5.3590,4.3238,2
1771012894.078303,5.3590,4.3238,2
1771012894.084397,5.4114,4.4116,2
1771012894.090526,5.4114,4.4116,2
1771012894.096653,5.4114,4.4116,2
1771012894.102859,5.4338,4.4241,2
1771012894.109083,5.4338,4.4241,2
1771012894.115314,5.4338,4.4241,2
1771012894.121433,5.1721,4.1481,2
1771012894.127565,5.1721,4.1481,2
1771012894.133659,5.1721,4.1481,2
1771012894.139804,5.1721,4.1481,2
1771012894.145931,4.9253,4.0226,2
1771012894.152054,4.9253,4.0226,2
1771012894.158213,4.9253,4.0226,2
1771012894.164339,4.6710,3.9223,2
1771012894.170465,4.6710,3.9223,2
1771012894.176588,4.6710,3.9223,2
1771012894.182719,4.4542,3.7968,2
1771012894.188820,4.4542,3.7968,2
1771012894.195037,4.4542,3.7968,2
1771012894.201162,4.2598,3.6964,2
1771012894.207259,4.2598,3.6964,2
1771012894.213325,4.2598,3.6964,2
1771012894.219414,4.2598,3.6964,2
1771012894.225542,4.0878,3.6086,2
1771012894.231668,4.0878,3.6086,2
1771012894.237855,4.0878,3.6086,2
1771012894.243960,3.9307,3.5333,2
1771012894.250082,3.9307,3.5333,2
1771012894.256263,3.9307,3.5333,2
1771012894.262368,3.7961,3.4580,2
1771012894.268571,3.7961,3.4580,2
1771012894.274698,3.7961,3.4580,2
1771012894.280822,3.6765,3.3953,2
1771012894.287031,3.6765,3.3953,2
1771012894.293166,3.6765,3.3953,2
1771012894.299340,3.6765,3.3953,2
1771012894.305464,3.5793,3.3325,2
1771012894.311603,3.5793,3.3325,2
1771012894.317807,3.5793,3.3325,2
1771012894.323941,3.4820,3.2949,2
1771012894.330071,3.4820,3.2949,2
1771012894.336192,3.4820,3.2949,2
1771012894.342334,3.4073,3.2698,2
1771012894.348453,3.4073,3.2698,2
1771012894.354577,3.4073,3.2698,2
1771012894.360709,3.3400,3.2322,2
1771012894.366903,3.3400,3.2322,2
1771012894.373034,3.3400,3.2322,2
1771012894.379178,3.3400,3.2322,2
1771012894.385299,3.2801,3.1945,2
1771012894.391413,3.2801,3.1945,2
1771012894.397641,3.2801,3.1945,2
1771012894.403794,3.2278,3.1569,2
1771012894.409898,3.2278,3.1569,2
1771012894.415995,3.2278,3.1569,2
1771012894.422091,3.1829,3.1443,2
1771012894.428323,3.1829,3.1443,2
1771012894.434428,3.1829,3.1443,2
1771012894.440526,3.1455,3.1192,2
1771012894.446729,3.1455,3.1192,2
1771012894.452866,3.1455,3.1192,2
1771012894.459060,3.1455,3.1192,2
1771012894.465158,3.1081,3.1067,2
1771012894.471263,3.1081,3.1067,2
1771012894.477322,3.1081,3.1067,2
1771012894.483418,3.0782,3.0691,2
1771012894.489548,3.0782,3.0691,2
1771012894.495682,3.0782,3.0691,2
1771012894.501808,3.0483,3.0440,2
1771012894.508035,3.0483,3.0440,2
1771012894.514160,3.0483,3.0440,2
1771012894.520228,3.0483,3.0440,2
1771012894.526329,3.0259,3.0314,2
1771012894.532445,3.0259,3.0314,2
1771012894.538536,3.0259,3.0314,2
1771012894.544657,3.0034,3.0314,2
1771012894.550867,3.0034,3.0314,2
1771012894.556991,3.0034,3.0314,2
1771012894.563200,2.9885,3.0314,2
1771012894.569288,2.9885,3.0314,2
1771012894.575388,2.9885,3.0314,2
1771012894.581586,2.9810,3.0314,2
1771012894.587707,2.9810,3.0314,2
1771012894.593838,2.9810,3.0314,2
1771012894.599963,2.9810,3.0314,2
1771012894.606094,2.9735,3.0314,2
1771012894.612320,2.9735,3.0314,2
1771012894.618434,2.9735,3.0314,2
1771012894.624554,2.9735,3.0314,2
1771012894.630675,2.9735,3.0314,2
1771012894.636787,2.9735,3.0314,2
1771012894.642884,2.9735,3.0440,2
1771012894.648991,2.9735,3.0440,2
1771012894.655123,2.9735,3.0440,2
1771012894.661314,2.9810,3.0691,2
1771012894.667403,2.9810,3.0691,2
1771012894.673527,2.9810,3.0691,2
1771012894.679643,2.9810,3.0691,2
1771012894.685843,2.9885,3.1067,2
1771012894.691968,2.9885,3.1067,2
1771012894.698092,2.9885,3.1067,2
1771012894.704210,2.9960,3.1443,2
1771012894.710325,2.9960,3.1443,2
1771012894.716419,2.9960,3.1443,2
1771012894.722553,3.0184,3.1694,2
1771012894.728680,3.0184,3.1694,2
1771012894.734880,3.0184,3.1694,2
