Sample_Index,Experiment_Elapsed_s,Trial_Elapsed_s,Timestamp_Epoch,Trial_Index,Trial,Mode,Commanded_Speed,Stage,Middle_Angle,Middle_Force_g,Middle_Force_N,Force_Limit_g,Force_Trigger_g
1,0.000147,0.000000,1772596956.803021,1,hybrid_01,hybrid,1000,open,999,4,4.0000,500,300
2,0.012668,0.012484,1772596956.815542,1,hybrid_01,hybrid,1000,open,999,4,4.0000,500,300
3,0.037401,0.037217,1772596956.840276,1,hybrid_01,hybrid,1000,open,999,4,4.0000,500,300
4,0.049835,0.049652,1772596956.852710,1,hybrid_01,hybrid,1000,open,1000,4,4.0000,500,300
5,0.062102,0.061918,1772596956.864976,1,hybrid_01,hybrid,1000,open,1000,4,4.0000,500,300
6,0.074550,0.074366,1772596956.877425,1,hybrid_01,hybrid,1000,open,1000,4,4.0000,500,300
7,0.086989,0.086805,1772596956.889863,1,hybrid_01,hybrid,1000,open,999,4,4.0000,500,300
8,0.099354,0.099170,1772596956.902228,1,hybrid_01,hybrid,1000,open,1000,4,4.0000,500,300
9,0.111817,0.111633,1772596956.914695,1,hybrid_01,hybrid,1000,open,1000,4,4.0000,500,300
10,0.124026,0.123842,1772596956.926901,1,hybrid_01,hybrid,1000,open,999,4,4.0000,500,300
11,0.136334,0.136151,1772596956.939209,1,hybrid_01,hybrid,1000,open,999,4,4.0000,500,300
12,0.148675,0.148492,1772596956.951550,1,hybrid_01,hybrid,1000,open,1000,4,4.0000,500,300
13,0.161022,0.160838,1772596956.963897,1,hybrid_01,hybrid,1000,open,1000,4,4.0000,500,300
14,0.173207,0.173023,1772596956.976082,1,hybrid_01,hybrid,1000,open,1000,4,4.0000,500,300
15,0.185580,0.185396,1772596956.988454,1,hybrid_01,hybrid,1000,open,1000,4,4.0000,500,300
16,0.197866,0.197682,1772596957.000741,1,hybrid_01,hybrid,1000,open,1000,4,4.0000,500,300
17,0.210004,0.209820,1772596957.012879,1,hybrid_01,hybrid,1000,open,1000,4,4.0000,500,300
18,0.222209,0.222025,1772596957.025083,1,hybrid_01,hybrid,1000,open,999,4,4.0000,500,300
19,0.234570,0.234386,1772596957.037445,1,hybrid_01,hybrid,1000,open,999,4,4.0000,500,300
20,0.246879,0.246695,1772596957.049754,1,hybrid_01,hybrid,1000,open,1000,4,4.0000,500,300
21,0.259021,0.258837,1772596957.061896,1,hybrid_01,hybrid,1000,open,1000,4,4.0000,500,300
22,0.271273,0.271089,1772596957.074148,1,hybrid_01,hybrid,1000,open,1000,4,4.0000,500,300
23,0.283622,0.283438,1772596957.086497,1,hybrid_01,hybrid,1000,open,1000,4,4.0000,500,300
24,0.295934,0.295751,1772596957.098809,1,hybrid_01,hybrid,1000,open,1000,4,4.0000,500,300
25,0.308141,0.307957,1772596957.111016,1,hybrid_01,hybrid,1000,open,999,4,4.0000,500,300
26,0.320531,0.320348,1772596957.123406,1,hybrid_01,hybrid,1000,open,1000,4,4.0000,500,300
27,0.332855,0.332671,1772596957.135730,1,hybrid_01,hybrid,1000,open,1000,4,4.0000,500,300
28,0.345040,0.344856,1772596957.147914,1,hybrid_01,hybrid,1000,open,1000,4,4.0000,500,300
29,0.357347,0.357163,1772596957.160222,1,hybrid_01,hybrid,1000,open,1000,4,4.0000,500,300
30,0.369802,0.369618,1772596957.172677,1,hybrid_01,hybrid,1000,open,1000,4,4.0000,500,300
31,0.381994,0.381810,1772596957.184869,1,hybrid_01,hybrid,1000,open,1000,4,4.0000,500,300
32,0.394210,0.394026,1772596957.197084,1,hybrid_01,hybrid,1000,open,1000,4,4.0000,500,300
33,0.406631,0.406447,1772596957.209506,1,hybrid_01,hybrid,1000,open,1000,4,4.0000,500,300
34,0.418940,0.418756,1772596957.221815,1,hybrid_01,hybrid,1000,open,999,4,4.0000,500,300
35,0.431078,0.430894,1772596957.233952,1,hybrid_01,hybrid,1000,open,999,4,4.0000,500,300
36,0.443298,0.443114,1772596957.246173,1,hybrid_01,hybrid,1000,open,1000,4,4.0000,500,300
37,0.455761,0.455578,1772596957.258636,1,hybrid_01,hybrid,1000,open,1000,4,4.0000,500,300
38,0.467949,0.467765,1772596957.270824,1,hybrid_01,hybrid,1000,open,999,4,4.0000,500,300
39,0.480164,0.479980,1772596957.283039,1,hybrid_01,hybrid,1000,open,1000,4,4.0000,500,300
40,0.492439,0.492255,1772596957.295313,1,hybrid_01,hybrid,1000,open,1000,4,4.0000,500,300
41,0.504844,0.504661,1772596957.307719,1,hybrid_01,hybrid,1000,open,1000,4,4.0000,500,300
42,2.587766,2.587582,1772596959.390641,1,hybrid_01,hybrid,25,approach,999,4,4.0000,500,300
43,2.600174,2.599990,1772596959.403049,1,hybrid_01,hybrid,25,approach,1000,4,4.0000,500,300
44,2.631136,2.630953,1772596959.434011,1,hybrid_01,hybrid,25,approach,1000,4,4.0000,500,300
45,2.643527,2.643344,1772596959.446402,1,hybrid_01,hybrid,25,approach,999,4,4.0000,500,300
46,2.655887,2.655703,1772596959.458761,1,hybrid_01,hybrid,25,approach,1000,4,4.0000,500,300
47,2.668026,2.667842,1772596959.470901,1,hybrid_01,hybrid,25,approach,1000,4,4.0000,500,300
48,2.680291,2.680107,1772596959.483165,1,hybrid_01,hybrid,25,approach,1000,4,4.0000,500,300
49,2.692956,2.692772,1772596959.495830,1,hybrid_01,hybrid,25,approach,1000,4,4.0000,500,300
50,2.705467,2.705284,1772596959.508342,1,hybrid_01,hybrid,25,approach,1000,4,4.0000,500,300
51,2.718097,2.717913,1772596959.520971,1,hybrid_01,hybrid,25,approach,999,4,4.0000,500,300
52,2.730734,2.730550,1772596959.533609,1,hybrid_01,hybrid,25,approach,999,4,4.0000,500,300
53,2.743228,2.743044,1772596959.546103,1,hybrid_01,hybrid,25,approach,1000,4,4.0000,500,300
54,2.755921,2.755737,1772596959.558795,1,hybrid_01,hybrid,25,approach,999,4,4.0000,500,300
55,2.768370,2.768186,1772596959.571244,1,hybrid_01,hybrid,25,approach,999,4,4.0000,500,300
56,2.780965,2.780781,1772596959.583840,1,hybrid_01,hybrid,25,approach,999,4,4.0000,500,300
57,2.793445,2.793261,1772596959.596319,1,hybrid_01,hybrid,25,approach,999,4,4.0000,500,300
58,2.806051,2.805867,1772596959.608926,1,hybrid_01,hybrid,25,approach,1000,4,4.0000,500,300
59,2.818621,2.818437,1772596959.621496,1,hybrid_01,hybrid,25,approach,1000,4,4.0000,500,300
60,2.831205,2.831021,1772596959.634079,1,hybrid_01,hybrid,25,approach,1000,4,4.0000,500,300
61,2.843810,2.843627,1772596959.646685,1,hybrid_01,hybrid,25,approach,998,4,4.0000,500,300
62,2.856257,2.856073,1772596959.659132,1,hybrid_01,hybrid,25,approach,993,6,6.0000,500,300
63,2.868995,2.868811,1772596959.671870,1,hybrid_01,hybrid,25,approach,993,6,6.0000,500,300
64,2.881482,2.881298,1772596959.684357,1,hybrid_01,hybrid,25,approach,993,8,8.0000,500,300
65,2.894066,2.893882,1772596959.696941,1,hybrid_01,hybrid,25,approach,993,9,9.0000,500,300
66,2.906665,2.906482,1772596959.709540,1,hybrid_01,hybrid,25,approach,993,9,9.0000,500,300
67,2.919173,2.918989,1772596959.722048,1,hybrid_01,hybrid,25,approach,991,10,10.0000,500,300
68,2.931784,2.931600,1772596959.734659,1,hybrid_01,hybrid,25,approach,991,12,12.0000,500,300
69,2.944235,2.944051,1772596959.747110,1,hybrid_01,hybrid,25,approach,991,12,12.0000,500,300
70,2.956950,2.956767,1772596959.759825,1,hybrid_01,hybrid,25,approach,990,13,13.0000,500,300
71,2.975769,2.975585,1772596959.778644,1,hybrid_01,hybrid,25,approach,987,13,13.0000,500,300
72,2.988132,2.987948,1772596959.791006,1,hybrid_01,hybrid,25,approach,987,13,13.0000,500,300
73,3.000566,3.000383,1772596959.803441,1,hybrid_01,hybrid,25,approach,985,14,14.0000,500,300
74,3.013086,3.012902,1772596959.815960,1,hybrid_01,hybrid,25,approach,985,16,16.0000,500,300
75,3.025511,3.025327,1772596959.828385,1,hybrid_01,hybrid,25,approach,982,17,17.0000,500,300
76,3.044391,3.044207,1772596959.847265,1,hybrid_01,hybrid,25,approach,981,17,17.0000,500,300
77,3.056908,3.056724,1772596959.859782,1,hybrid_01,hybrid,25,approach,979,18,18.0000,500,300
78,3.069355,3.069171,1772596959.872229,1,hybrid_01,hybrid,25,approach,979,18,18.0000,500,300
79,3.081877,3.081693,1772596959.884752,1,hybrid_01,hybrid,25,approach,979,20,20.0000,500,300
80,3.094259,3.094075,1772596959.897134,1,hybrid_01,hybrid,25,approach,977,21,21.0000,500,300
81,3.106712,3.106528,1772596959.909586,1,hybrid_01,hybrid,25,approach,977,21,21.0000,500,300
82,3.125260,3.125076,1772596959.928134,1,hybrid_01,hybrid,25,approach,976,21,21.0000,500,300
83,3.137692,3.137508,1772596959.940567,1,hybrid_01,hybrid,25,approach,973,21,21.0000,500,300
84,3.149981,3.149797,1772596959.952856,1,hybrid_01,hybrid,25,approach,973,21,21.0000,500,300
85,3.162263,3.162079,1772596959.965137,1,hybrid_01,hybrid,25,approach,971,21,21.0000,500,300
86,3.174698,3.174514,1772596959.977572,1,hybrid_01,hybrid,25,approach,971,21,21.0000,500,300
87,3.193015,3.192831,1772596959.995889,1,hybrid_01,hybrid,25,approach,971,22,22.0000,500,300
88,3.205249,3.205065,1772596960.008124,1,hybrid_01,hybrid,25,approach,970,22,22.0000,500,300
89,3.217597,3.217413,1772596960.020471,1,hybrid_01,hybrid,25,approach,968,22,22.0000,500,300
90,3.236087,3.235903,1772596960.038961,1,hybrid_01,hybrid,25,approach,965,22,22.0000,500,300
91,3.248496,3.248312,1772596960.051370,1,hybrid_01,hybrid,25,approach,964,21,21.0000,500,300
92,3.266992,3.266808,1772596960.069866,1,hybrid_01,hybrid,25,approach,964,21,21.0000,500,300
93,3.279380,3.279197,1772596960.082255,1,hybrid_01,hybrid,25,approach,963,21,21.0000,500,300
94,3.297988,3.297804,1772596960.100863,1,hybrid_01,hybrid,25,approach,962,21,21.0000,500,300
95,3.310347,3.310164,1772596960.113222,1,hybrid_01,hybrid,25,approach,961,21,21.0000,500,300
96,3.328983,3.328799,1772596960.131857,1,hybrid_01,hybrid,25,approach,961,21,21.0000,500,300
97,3.341260,3.341076,1772596960.144135,1,hybrid_01,hybrid,25,approach,958,21,21.0000,500,300
98,3.353764,3.353580,1772596960.156638,1,hybrid_01,hybrid,25,approach,956,21,21.0000,500,300
99,3.366062,3.365878,1772596960.168936,1,hybrid_01,hybrid,25,approach,956,21,21.0000,500,300
100,3.378298,3.378114,1772596960.181173,1,hybrid_01,hybrid,25,approach,956,21,21.0000,500,300
101,3.390773,3.390589,1772596960.193648,1,hybrid_01,hybrid,25,approach,956,22,22.0000,500,300
102,3.403026,3.402843,1772596960.205901,1,hybrid_01,hybrid,25,approach,955,22,22.0000,500,300
103,3.415210,3.415026,1772596960.218085,1,hybrid_01,hybrid,25,approach,953,22,22.0000,500,300
104,3.427595,3.427411,1772596960.230470,1,hybrid_01,hybrid,25,approach,953,22,22.0000,500,300
105,3.439878,3.439694,1772596960.242753,1,hybrid_01,hybrid,25,approach,951,21,21.0000,500,300
106,3.452011,3.451828,1772596960.254886,1,hybrid_01,hybrid,25,approach,951,21,21.0000,500,300
107,3.464445,3.464261,1772596960.267319,1,hybrid_01,hybrid,25,approach,949,21,21.0000,500,300
108,3.483086,3.482902,1772596960.285960,1,hybrid_01,hybrid,25,approach,948,21,21.0000,500,300
109,3.495491,3.495307,1772596960.298366,1,hybrid_01,hybrid,25,approach,946,21,21.0000,500,300
110,3.513994,3.513810,1772596960.316869,1,hybrid_01,hybrid,25,approach,946,21,21.0000,500,300
111,3.526369,3.526185,1772596960.329244,1,hybrid_01,hybrid,25,approach,946,22,22.0000,500,300
112,3.544990,3.544806,1772596960.347865,1,hybrid_01,hybrid,25,approach,945,22,22.0000,500,300
113,3.557345,3.557161,1772596960.360219,1,hybrid_01,hybrid,25,approach,943,22,22.0000,500,300
114,3.569868,3.569684,1772596960.372743,1,hybrid_01,hybrid,25,approach,943,21,21.0000,500,300
115,3.582031,3.581847,1772596960.384906,1,hybrid_01,hybrid,25,approach,941,21,21.0000,500,300
116,3.594321,3.594137,1772596960.397196,1,hybrid_01,hybrid,25,approach,940,21,21.0000,500,300
117,3.606786,3.606602,1772596960.409661,1,hybrid_01,hybrid,25,approach,940,21,21.0000,500,300
118,3.618959,3.618775,1772596960.421834,1,hybrid_01,hybrid,25,approach,938,21,21.0000,500,300
119,3.631152,3.630968,1772596960.434026,1,hybrid_01,hybrid,25,approach,938,21,21.0000,500,300
120,3.643478,3.643294,1772596960.446352,1,hybrid_01,hybrid,25,approach,936,21,21.0000,500,300
121,3.655907,3.655724,1772596960.458782,1,hybrid_01,hybrid,25,approach,935,21,21.0000,500,300
122,3.668046,3.667862,1772596960.470921,1,hybrid_01,hybrid,25,approach,935,21,21.0000,500,300
123,3.680481,3.680297,1772596960.483355,1,hybrid_01,hybrid,25,approach,935,21,21.0000,500,300
124,3.692860,3.692676,1772596960.495735,1,hybrid_01,hybrid,25,approach,934,22,22.0000,500,300
125,3.705058,3.704874,1772596960.507932,1,hybrid_01,hybrid,25,approach,934,22,22.0000,500,300
126,3.717307,3.717123,1772596960.520182,1,hybrid_01,hybrid,25,approach,930,22,22.0000,500,300
127,3.729935,3.729751,1772596960.532810,1,hybrid_01,hybrid,25,approach,930,21,21.0000,500,300
128,3.742406,3.742222,1772596960.545280,1,hybrid_01,hybrid,25,approach,929,21,21.0000,500,300
129,3.755001,3.754817,1772596960.557875,1,hybrid_01,hybrid,25,approach,928,21,21.0000,500,300
130,3.767377,3.767193,1772596960.570252,1,hybrid_01,hybrid,25,approach,928,21,21.0000,500,300
131,3.779976,3.779792,1772596960.582850,1,hybrid_01,hybrid,25,approach,927,21,21.0000,500,300
132,3.792312,3.792128,1772596960.595186,1,hybrid_01,hybrid,25,approach,927,21,21.0000,500,300
133,3.804931,3.804747,1772596960.607805,1,hybrid_01,hybrid,25,approach,926,21,21.0000,500,300
134,3.817214,3.817030,1772596960.620088,1,hybrid_01,hybrid,25,approach,924,21,21.0000,500,300
135,3.829761,3.829577,1772596960.632635,1,hybrid_01,hybrid,25,approach,924,21,21.0000,500,300
136,3.842084,3.841901,1772596960.644959,1,hybrid_01,hybrid,25,approach,924,21,21.0000,500,300
137,3.854548,3.854364,1772596960.657423,1,hybrid_01,hybrid,25,approach,923,22,22.0000,500,300
138,3.867008,3.866824,1772596960.669883,1,hybrid_01,hybrid,25,approach,923,22,22.0000,500,300
139,3.879327,3.879144,1772596960.682202,1,hybrid_01,hybrid,25,approach,919,22,22.0000,500,300
140,3.891927,3.891743,1772596960.694802,1,hybrid_01,hybrid,25,approach,919,22,22.0000,500,300
141,3.904236,3.904052,1772596960.707111,1,hybrid_01,hybrid,25,approach,918,22,22.0000,500,300
142,3.916713,3.916529,1772596960.719588,1,hybrid_01,hybrid,25,approach,918,22,22.0000,500,300
143,3.929086,3.928902,1772596960.731961,1,hybrid_01,hybrid,25,approach,918,21,21.0000,500,300
144,3.941535,3.941352,1772596960.744410,1,hybrid_01,hybrid,25,approach,917,21,21.0000,500,300
145,3.953997,3.953813,1772596960.756871,1,hybrid_01,hybrid,25,approach,914,21,21.0000,500,300
146,3.966360,3.966176,1772596960.769234,1,hybrid_01,hybrid,25,approach,914,21,21.0000,500,300
147,3.978943,3.978759,1772596960.781817,1,hybrid_01,hybrid,25,approach,914,21,21.0000,500,300
148,3.991238,3.991054,1772596960.794113,1,hybrid_01,hybrid,25,approach,914,21,21.0000,500,300
149,4.003776,4.003592,1772596960.806650,1,hybrid_01,hybrid,25,approach,913,21,21.0000,500,300
150,4.016082,4.015899,1772596960.818957,1,hybrid_01,hybrid,25,approach,910,21,21.0000,500,300
151,4.028559,4.028375,1772596960.831434,1,hybrid_01,hybrid,25,approach,910,21,21.0000,500,300
152,4.041016,4.040832,1772596960.843891,1,hybrid_01,hybrid,25,approach,908,21,21.0000,500,300
153,4.053343,4.053159,1772596960.856218,1,hybrid_01,hybrid,25,approach,908,21,21.0000,500,300
154,4.065896,4.065713,1772596960.868771,1,hybrid_01,hybrid,25,approach,908,21,21.0000,500,300
155,4.078182,4.077998,1772596960.881057,1,hybrid_01,hybrid,25,approach,908,21,21.0000,500,300
156,4.090659,4.090475,1772596960.893534,1,hybrid_01,hybrid,25,approach,908,20,20.0000,500,300
157,4.103050,4.102866,1772596960.905925,1,hybrid_01,hybrid,25,approach,905,20,20.0000,500,300
158,4.115478,4.115294,1772596960.918353,1,hybrid_01,hybrid,25,approach,903,20,20.0000,500,300
159,4.127938,4.127754,1772596960.930813,1,hybrid_01,hybrid,25,approach,903,20,20.0000,500,300
160,4.140327,4.140143,1772596960.943202,1,hybrid_01,hybrid,25,approach,902,20,20.0000,500,300
161,4.152888,4.152705,1772596960.955763,1,hybrid_01,hybrid,25,approach,900,20,20.0000,500,300
162,4.165171,4.164987,1772596960.968045,1,hybrid_01,hybrid,25,approach,900,20,20.0000,500,300
163,4.177616,4.177432,1772596960.980491,1,hybrid_01,hybrid,25,approach,899,20,20.0000,500,300
164,4.190076,4.189892,1772596960.992951,1,hybrid_01,hybrid,25,approach,899,20,20.0000,500,300
165,4.202461,4.202277,1772596961.005336,1,hybrid_01,hybrid,25,approach,898,20,20.0000,500,300
166,4.215035,4.214851,1772596961.017910,1,hybrid_01,hybrid,25,approach,896,20,20.0000,500,300
167,4.227345,4.227161,1772596961.030220,1,hybrid_01,hybrid,25,approach,896,20,20.0000,500,300
168,4.239896,4.239712,1772596961.042771,1,hybrid_01,hybrid,25,approach,895,20,20.0000,500,300
169,4.252186,4.252002,1772596961.055061,1,hybrid_01,hybrid,25,approach,894,18,18.0000,500,300
170,4.264664,4.264480,1772596961.067539,1,hybrid_01,hybrid,25,approach,894,18,18.0000,500,300
171,4.277090,4.276907,1772596961.079965,1,hybrid_01,hybrid,25,approach,891,18,18.0000,500,300
172,4.289540,4.289356,1772596961.092415,1,hybrid_01,hybrid,25,approach,891,18,18.0000,500,300
173,4.302081,4.301898,1772596961.104956,1,hybrid_01,hybrid,25,approach,890,18,18.0000,500,300
174,4.314657,4.314473,1772596961.117531,1,hybrid_01,hybrid,25,approach,890,20,20.0000,500,300
175,4.333561,4.333377,1772596961.136436,1,hybrid_01,hybrid,25,approach,887,20,20.0000,500,300
176,4.346064,4.345880,1772596961.148938,1,hybrid_01,hybrid,25,approach,887,20,20.0000,500,300
177,4.358544,4.358360,1772596961.161419,1,hybrid_01,hybrid,25,approach,886,20,20.0000,500,300
178,4.371043,4.370860,1772596961.173918,1,hybrid_01,hybrid,25,approach,886,20,20.0000,500,300
179,4.383392,4.383208,1772596961.186267,1,hybrid_01,hybrid,25,approach,886,20,20.0000,500,300
180,4.395961,4.395777,1772596961.198835,1,hybrid_01,hybrid,25,approach,883,20,20.0000,500,300
181,4.414928,4.414744,1772596961.217803,1,hybrid_01,hybrid,25,approach,882,18,18.0000,500,300
182,4.427287,4.427103,1772596961.230162,1,hybrid_01,hybrid,25,approach,882,18,18.0000,500,300
183,4.439719,4.439535,1772596961.242594,1,hybrid_01,hybrid,25,approach,882,18,18.0000,500,300
184,4.452059,4.451875,1772596961.254934,1,hybrid_01,hybrid,25,approach,881,20,20.0000,500,300
185,4.464519,4.464335,1772596961.267394,1,hybrid_01,hybrid,25,approach,881,20,20.0000,500,300
186,4.476882,4.476699,1772596961.279757,1,hybrid_01,hybrid,25,approach,878,20,20.0000,500,300
187,4.489195,4.489011,1772596961.292070,1,hybrid_01,hybrid,25,approach,878,20,20.0000,500,300
188,4.501635,4.501451,1772596961.304509,1,hybrid_01,hybrid,25,approach,876,20,20.0000,500,300
189,4.513999,4.513815,1772596961.316874,1,hybrid_01,hybrid,25,approach,875,20,20.0000,500,300
190,4.526221,4.526037,1772596961.329096,1,hybrid_01,hybrid,25,approach,875,20,20.0000,500,300
191,4.538699,4.538515,1772596961.341574,1,hybrid_01,hybrid,25,approach,875,20,20.0000,500,300
192,4.551086,4.550902,1772596961.353961,1,hybrid_01,hybrid,25,approach,875,21,21.0000,500,300
193,4.563413,4.563229,1772596961.366288,1,hybrid_01,hybrid,25,approach,873,21,21.0000,500,300
194,4.575928,4.575745,1772596961.378803,1,hybrid_01,hybrid,25,approach,869,20,20.0000,500,300
195,4.588227,4.588043,1772596961.391102,1,hybrid_01,hybrid,25,approach,869,20,20.0000,500,300
196,4.600776,4.600592,1772596961.403651,1,hybrid_01,hybrid,25,approach,869,20,20.0000,500,300
197,4.613065,4.612881,1772596961.415940,1,hybrid_01,hybrid,25,approach,869,20,20.0000,500,300
198,4.625505,4.625321,1772596961.428379,1,hybrid_01,hybrid,25,approach,869,20,20.0000,500,300
199,4.637965,4.637781,1772596961.440840,1,hybrid_01,hybrid,25,approach,869,20,20.0000,500,300
200,4.650317,4.650134,1772596961.453192,1,hybrid_01,hybrid,25,approach,869,20,20.0000,500,300
201,4.662919,4.662735,1772596961.465794,1,hybrid_01,hybrid,25,approach,867,20,20.0000,500,300
202,4.675203,4.675019,1772596961.478077,1,hybrid_01,hybrid,25,approach,866,20,20.0000,500,300
203,4.687752,4.687568,1772596961.490627,1,hybrid_01,hybrid,25,approach,866,20,20.0000,500,300
204,4.700085,4.699901,1772596961.502960,1,hybrid_01,hybrid,25,approach,863,20,20.0000,500,300
205,4.712592,4.712408,1772596961.515467,1,hybrid_01,hybrid,25,approach,862,20,20.0000,500,300
206,4.725051,4.724867,1772596961.527925,1,hybrid_01,hybrid,25,approach,862,20,20.0000,500,300
207,4.737362,4.737178,1772596961.540236,1,hybrid_01,hybrid,25,approach,859,20,20.0000,500,300
208,4.749909,4.749725,1772596961.552784,1,hybrid_01,hybrid,25,approach,859,20,20.0000,500,300
209,4.762190,4.762006,1772596961.565064,1,hybrid_01,hybrid,25,approach,859,20,20.0000,500,300
210,4.774652,4.774468,1772596961.577526,1,hybrid_01,hybrid,25,approach,859,21,21.0000,500,300
211,4.787072,4.786888,1772596961.589947,1,hybrid_01,hybrid,25,approach,859,20,20.0000,500,300
212,4.799600,4.799416,1772596961.602474,1,hybrid_01,hybrid,25,approach,856,20,20.0000,500,300
213,4.812001,4.811817,1772596961.614875,1,hybrid_01,hybrid,25,approach,855,20,20.0000,500,300
214,4.830995,4.830811,1772596961.633870,1,hybrid_01,hybrid,25,approach,854,20,20.0000,500,300
215,4.843586,4.843402,1772596961.646461,1,hybrid_01,hybrid,25,approach,854,20,20.0000,500,300
216,4.856091,4.855907,1772596961.658966,1,hybrid_01,hybrid,25,approach,853,20,20.0000,500,300
217,4.868702,4.868518,1772596961.671577,1,hybrid_01,hybrid,25,approach,853,20,20.0000,500,300
218,4.881135,4.880951,1772596961.684009,1,hybrid_01,hybrid,25,approach,852,20,20.0000,500,300
219,4.893757,4.893573,1772596961.696631,1,hybrid_01,hybrid,25,approach,850,20,20.0000,500,300
220,4.906152,4.905968,1772596961.709027,1,hybrid_01,hybrid,25,approach,850,20,20.0000,500,300
221,4.918704,4.918520,1772596961.721579,1,hybrid_01,hybrid,25,approach,847,18,18.0000,500,300
222,4.931082,4.930898,1772596961.733956,1,hybrid_01,hybrid,25,approach,847,18,18.0000,500,300
223,4.943533,4.943349,1772596961.746408,1,hybrid_01,hybrid,25,approach,847,18,18.0000,500,300
224,4.956037,4.955853,1772596961.758912,1,hybrid_01,hybrid,25,approach,847,20,20.0000,500,300
225,4.968528,4.968344,1772596961.771403,1,hybrid_01,hybrid,25,approach,847,20,20.0000,500,300
226,4.981133,4.980949,1772596961.784008,1,hybrid_01,hybrid,25,approach,844,20,20.0000,500,300
227,4.993595,4.993411,1772596961.796469,1,hybrid_01,hybrid,25,approach,842,20,20.0000,500,300
228,5.006157,5.005973,1772596961.809032,1,hybrid_01,hybrid,25,approach,842,20,20.0000,500,300
229,5.018775,5.018591,1772596961.821650,1,hybrid_01,hybrid,25,approach,841,20,20.0000,500,300
230,5.031173,5.030989,1772596961.834048,1,hybrid_01,hybrid,25,approach,841,20,20.0000,500,300
231,5.043759,5.043576,1772596961.846634,1,hybrid_01,hybrid,25,approach,841,20,20.0000,500,300
232,5.056170,5.055986,1772596961.859045,1,hybrid_01,hybrid,25,approach,839,20,20.0000,500,300
233,5.068773,5.068589,1772596961.871648,1,hybrid_01,hybrid,25,approach,839,21,21.0000,500,300
234,5.081182,5.080999,1772596961.884057,1,hybrid_01,hybrid,25,approach,838,21,21.0000,500,300
235,5.093711,5.093527,1772596961.896585,1,hybrid_01,hybrid,25,approach,835,20,20.0000,500,300
236,5.106119,5.105936,1772596961.908994,1,hybrid_01,hybrid,25,approach,835,20,20.0000,500,300
237,5.118704,5.118520,1772596961.921578,1,hybrid_01,hybrid,25,approach,834,20,20.0000,500,300
238,5.131136,5.130953,1772596961.934011,1,hybrid_01,hybrid,25,approach,833,20,20.0000,500,300
239,5.150005,5.149821,1772596961.952880,1,hybrid_01,hybrid,25,approach,833,20,20.0000,500,300
240,5.162419,5.162235,1772596961.965294,1,hybrid_01,hybrid,25,approach,832,20,20.0000,500,300
241,5.174950,5.174766,1772596961.977825,1,hybrid_01,hybrid,25,approach,829,20,20.0000,500,300
242,5.187485,5.187302,1772596961.990360,1,hybrid_01,hybrid,25,approach,829,20,20.0000,500,300
243,5.199950,5.199766,1772596962.002825,1,hybrid_01,hybrid,25,approach,828,20,20.0000,500,300
244,5.212351,5.212167,1772596962.015226,1,hybrid_01,hybrid,25,approach,826,20,20.0000,500,300
245,5.224943,5.224760,1772596962.027818,1,hybrid_01,hybrid,25,approach,826,20,20.0000,500,300
246,5.243470,5.243286,1772596962.046345,1,hybrid_01,hybrid,25,approach,826,20,20.0000,500,300
247,5.256004,5.255821,1772596962.058879,1,hybrid_01,hybrid,25,approach,825,20,20.0000,500,300
248,5.268407,5.268223,1772596962.071282,1,hybrid_01,hybrid,25,approach,822,18,18.0000,500,300
249,5.287065,5.286881,1772596962.089940,1,hybrid_01,hybrid,25,approach,822,18,18.0000,500,300
250,5.299590,5.299406,1772596962.102464,1,hybrid_01,hybrid,25,approach,821,18,18.0000,500,300
251,5.318285,5.318101,1772596962.121160,1,hybrid_01,hybrid,25,approach,820,18,18.0000,500,300
252,5.330943,5.330760,1772596962.133818,1,hybrid_01,hybrid,25,approach,820,18,18.0000,500,300
253,5.349764,5.349580,1772596962.152638,1,hybrid_01,hybrid,25,approach,820,20,20.0000,500,300
254,5.362091,5.361907,1772596962.164966,1,hybrid_01,hybrid,25,approach,819,20,20.0000,500,300
255,5.380780,5.380596,1772596962.183655,1,hybrid_01,hybrid,25,approach,815,20,20.0000,500,300
256,5.392958,5.392774,1772596962.195833,1,hybrid_01,hybrid,25,approach,815,20,20.0000,500,300
257,5.405097,5.404913,1772596962.207971,1,hybrid_01,hybrid,25,approach,813,20,20.0000,500,300
258,5.423619,5.423436,1772596962.226494,1,hybrid_01,hybrid,25,approach,813,20,20.0000,500,300
259,5.435883,5.435699,1772596962.238758,1,hybrid_01,hybrid,25,approach,812,20,20.0000,500,300
260,5.448025,5.447841,1772596962.250900,1,hybrid_01,hybrid,25,approach,812,20,20.0000,500,300
261,5.460392,5.460209,1772596962.263267,1,hybrid_01,hybrid,25,approach,812,20,20.0000,500,300
262,5.472803,5.472619,1772596962.275677,1,hybrid_01,hybrid,25,approach,810,18,18.0000,500,300
263,5.484943,5.484759,1772596962.287818,1,hybrid_01,hybrid,25,approach,810,18,18.0000,500,300
264,5.497082,5.496898,1772596962.299957,1,hybrid_01,hybrid,25,approach,806,18,18.0000,500,300
265,5.509293,5.509109,1772596962.312167,1,hybrid_01,hybrid,25,approach,806,18,18.0000,500,300
266,5.521792,5.521608,1772596962.324666,1,hybrid_01,hybrid,25,approach,806,18,18.0000,500,300
267,5.533957,5.533773,1772596962.336832,1,hybrid_01,hybrid,25,approach,805,18,18.0000,500,300
268,5.552587,5.552403,1772596962.355462,1,hybrid_01,hybrid,25,approach,802,18,18.0000,500,300
269,5.564907,5.564724,1772596962.367782,1,hybrid_01,hybrid,25,approach,802,18,18.0000,500,300
270,5.583398,5.583215,1772596962.386273,1,hybrid_01,hybrid,25,approach,802,18,18.0000,500,300
271,5.595861,5.595677,1772596962.398735,1,hybrid_01,hybrid,25,approach,801,18,18.0000,500,300
272,5.614253,5.614069,1772596962.417128,1,hybrid_01,hybrid,25,approach,800,17,17.0000,500,300
273,5.626737,5.626553,1772596962.429611,1,hybrid_01,hybrid,25,approach,798,17,17.0000,500,300
274,5.645116,5.644933,1772596962.447991,1,hybrid_01,hybrid,25,approach,798,17,17.0000,500,300
275,5.657658,5.657474,1772596962.460533,1,hybrid_01,hybrid,25,approach,797,17,17.0000,500,300
276,5.669946,5.669762,1772596962.472821,1,hybrid_01,hybrid,25,approach,795,17,17.0000,500,300
277,5.682293,5.682110,1772596962.485168,1,hybrid_01,hybrid,25,approach,795,17,17.0000,500,300
278,5.694708,5.694525,1772596962.497583,1,hybrid_01,hybrid,25,approach,793,17,17.0000,500,300
279,5.713068,5.712884,1772596962.515943,1,hybrid_01,hybrid,25,approach,793,17,17.0000,500,300
280,5.725468,5.725285,1772596962.528343,1,hybrid_01,hybrid,25,approach,792,18,18.0000,500,300
281,5.744034,5.743850,1772596962.546908,1,hybrid_01,hybrid,25,approach,792,18,18.0000,500,300
282,5.756519,5.756335,1772596962.559394,1,hybrid_01,hybrid,25,approach,788,17,17.0000,500,300
283,5.774931,5.774747,1772596962.577806,1,hybrid_01,hybrid,25,approach,788,17,17.0000,500,300
284,5.787122,5.786939,1772596962.589997,1,hybrid_01,hybrid,25,approach,788,17,17.0000,500,300
285,5.799473,5.799289,1772596962.602347,1,hybrid_01,hybrid,25,approach,788,18,18.0000,500,300
286,5.817931,5.817748,1772596962.620806,1,hybrid_01,hybrid,25,approach,786,18,18.0000,500,300
287,5.830071,5.829887,1772596962.632946,1,hybrid_01,hybrid,25,approach,784,18,18.0000,500,300
288,5.848592,5.848409,1772596962.651467,1,hybrid_01,hybrid,25,approach,784,18,18.0000,500,300
289,5.860866,5.860683,1772596962.663741,1,hybrid_01,hybrid,25,approach,782,18,18.0000,500,300
290,5.873000,5.872816,1772596962.675875,1,hybrid_01,hybrid,25,approach,781,18,18.0000,500,300
291,5.885199,5.885015,1772596962.688073,1,hybrid_01,hybrid,25,approach,781,18,18.0000,500,300
292,5.897523,5.897339,1772596962.700398,1,hybrid_01,hybrid,25,approach,779,18,18.0000,500,300
293,5.909868,5.909684,1772596962.712743,1,hybrid_01,hybrid,25,approach,779,18,18.0000,500,300
294,5.928151,5.927967,1772596962.731025,1,hybrid_01,hybrid,25,approach,779,18,18.0000,500,300
295,5.940525,5.940341,1772596962.743399,1,hybrid_01,hybrid,25,approach,778,18,18.0000,500,300
296,5.952863,5.952679,1772596962.755738,1,hybrid_01,hybrid,25,approach,775,17,17.0000,500,300
297,5.971253,5.971069,1772596962.774127,1,hybrid_01,hybrid,25,approach,774,17,17.0000,500,300
298,5.983669,5.983485,1772596962.786544,1,hybrid_01,hybrid,25,approach,773,17,17.0000,500,300
299,6.002212,6.002028,1772596962.805087,1,hybrid_01,hybrid,25,approach,773,17,17.0000,500,300
300,6.014597,6.014413,1772596962.817472,1,hybrid_01,hybrid,25,approach,772,17,17.0000,500,300
301,6.032964,6.032780,1772596962.835839,1,hybrid_01,hybrid,25,approach,770,17,17.0000,500,300
302,6.045212,6.045028,1772596962.848087,1,hybrid_01,hybrid,25,approach,770,17,17.0000,500,300
303,6.057653,6.057469,1772596962.860528,1,hybrid_01,hybrid,25,approach,769,17,17.0000,500,300
304,6.069928,6.069744,1772596962.872802,1,hybrid_01,hybrid,25,approach,767,17,17.0000,500,300
305,6.082287,6.082103,1772596962.885161,1,hybrid_01,hybrid,25,approach,767,17,17.0000,500,300
306,6.100874,6.100690,1772596962.903749,1,hybrid_01,hybrid,25,approach,767,17,17.0000,500,300
307,6.113256,6.113072,1772596962.916131,1,hybrid_01,hybrid,25,approach,767,17,17.0000,500,300
308,6.131888,6.131704,1772596962.934763,1,hybrid_01,hybrid,25,approach,762,16,16.0000,500,300
309,6.144186,6.144002,1772596962.947061,1,hybrid_01,hybrid,25,approach,761,16,16.0000,500,300
310,6.162855,6.162671,1772596962.965729,1,hybrid_01,hybrid,25,approach,761,16,16.0000,500,300
311,6.175105,6.174921,1772596962.977979,1,hybrid_01,hybrid,25,approach,761,16,16.0000,500,300
312,6.193689,6.193505,1772596962.996564,1,hybrid_01,hybrid,25,approach,760,17,17.0000,500,300
313,6.206047,6.205863,1772596963.008921,1,hybrid_01,hybrid,25,approach,758,17,17.0000,500,300
314,6.224665,6.224481,1772596963.027539,1,hybrid_01,hybrid,25,approach,758,17,17.0000,500,300
315,6.236973,6.236789,1772596963.039848,1,hybrid_01,hybrid,25,approach,756,17,17.0000,500,300
316,6.249432,6.249248,1772596963.052307,1,hybrid_01,hybrid,25,approach,755,17,17.0000,500,300
317,6.261833,6.261649,1772596963.064707,1,hybrid_01,hybrid,25,approach,755,17,17.0000,500,300
318,6.274017,6.273833,1772596963.076891,1,hybrid_01,hybrid,25,approach,755,18,18.0000,500,300
319,6.286502,6.286318,1772596963.089376,1,hybrid_01,hybrid,25,approach,755,17,17.0000,500,300
320,6.298862,6.298678,1772596963.101737,1,hybrid_01,hybrid,25,approach,752,17,17.0000,500,300
321,6.317301,6.317117,1772596963.120176,1,hybrid_01,hybrid,25,approach,751,17,17.0000,500,300
322,6.329749,6.329565,1772596963.132623,1,hybrid_01,hybrid,25,approach,750,17,17.0000,500,300
323,6.341919,6.341735,1772596963.144793,1,hybrid_01,hybrid,25,approach,750,17,17.0000,500,300
324,6.354122,6.353939,1772596963.156997,1,hybrid_01,hybrid,25,approach,747,17,17.0000,500,300
325,6.366377,6.366193,1772596963.169251,1,hybrid_01,hybrid,25,approach,747,17,17.0000,500,300
326,6.378952,6.378768,1772596963.181827,1,hybrid_01,hybrid,25,approach,747,17,17.0000,500,300
327,6.391429,6.391245,1772596963.194304,1,hybrid_01,hybrid,25,approach,747,17,17.0000,500,300
328,6.404009,6.403825,1772596963.206883,1,hybrid_01,hybrid,25,approach,747,17,17.0000,500,300
329,6.416493,6.416309,1772596963.219368,1,hybrid_01,hybrid,25,approach,745,17,17.0000,500,300
330,6.429066,6.428882,1772596963.231941,1,hybrid_01,hybrid,25,approach,741,16,16.0000,500,300
331,6.441472,6.441288,1772596963.244347,1,hybrid_01,hybrid,25,approach,741,16,16.0000,500,300
332,6.454030,6.453846,1772596963.256905,1,hybrid_01,hybrid,25,approach,741,16,16.0000,500,300
333,6.466529,6.466345,1772596963.269403,1,hybrid_01,hybrid,25,approach,741,16,16.0000,500,300
334,6.485338,6.485154,1772596963.288213,1,hybrid_01,hybrid,25,approach,741,17,17.0000,500,300
335,6.497965,6.497782,1772596963.300840,1,hybrid_01,hybrid,25,approach,739,17,17.0000,500,300
336,6.510461,6.510277,1772596963.313336,1,hybrid_01,hybrid,25,approach,738,17,17.0000,500,300
337,6.522997,6.522813,1772596963.325872,1,hybrid_01,hybrid,25,approach,738,17,17.0000,500,300
338,6.535357,6.535173,1772596963.338232,1,hybrid_01,hybrid,25,approach,736,17,17.0000,500,300
339,6.547974,6.547790,1772596963.350848,1,hybrid_01,hybrid,25,approach,734,17,17.0000,500,300
340,6.560379,6.560195,1772596963.363254,1,hybrid_01,hybrid,25,approach,734,17,17.0000,500,300
341,6.572971,6.572787,1772596963.375845,1,hybrid_01,hybrid,25,approach,734,17,17.0000,500,300
342,6.585345,6.585161,1772596963.388219,1,hybrid_01,hybrid,25,approach,732,17,17.0000,500,300
343,6.604100,6.603916,1772596963.406975,1,hybrid_01,hybrid,25,approach,732,18,18.0000,500,300
344,6.616676,6.616492,1772596963.419550,1,hybrid_01,hybrid,25,approach,732,18,18.0000,500,300
345,6.629093,6.628909,1772596963.431967,1,hybrid_01,hybrid,25,approach,729,17,17.0000,500,300
346,6.641647,6.641463,1772596963.444522,1,hybrid_01,hybrid,25,approach,729,17,17.0000,500,300
347,6.654025,6.653842,1772596963.456900,1,hybrid_01,hybrid,25,approach,726,17,17.0000,500,300
348,6.666453,6.666269,1772596963.469328,1,hybrid_01,hybrid,25,approach,726,17,17.0000,500,300
349,6.678971,6.678787,1772596963.481846,1,hybrid_01,hybrid,25,approach,726,17,17.0000,500,300
350,6.691332,6.691148,1772596963.494206,1,hybrid_01,hybrid,25,approach,726,17,17.0000,500,300
351,6.703870,6.703686,1772596963.506745,1,hybrid_01,hybrid,25,approach,726,17,17.0000,500,300
352,6.716126,6.715942,1772596963.519001,1,hybrid_01,hybrid,25,approach,724,17,17.0000,500,300
353,6.728726,6.728543,1772596963.531601,1,hybrid_01,hybrid,25,approach,722,17,17.0000,500,300
354,6.741106,6.740922,1772596963.543981,1,hybrid_01,hybrid,25,approach,722,17,17.0000,500,300
355,6.753664,6.753480,1772596963.556539,1,hybrid_01,hybrid,25,approach,721,17,17.0000,500,300
356,6.772421,6.772238,1772596963.575296,1,hybrid_01,hybrid,25,approach,720,17,17.0000,500,300
357,6.784970,6.784786,1772596963.587844,1,hybrid_01,hybrid,25,approach,720,17,17.0000,500,300
358,6.797357,6.797173,1772596963.600232,1,hybrid_01,hybrid,25,approach,718,17,17.0000,500,300
359,6.809914,6.809730,1772596963.612788,1,hybrid_01,hybrid,25,approach,717,16,16.0000,500,300
360,6.822181,6.821997,1772596963.625056,1,hybrid_01,hybrid,25,approach,717,16,16.0000,500,300
361,6.834660,6.834476,1772596963.637535,1,hybrid_01,hybrid,25,approach,715,16,16.0000,500,300
362,6.853367,6.853183,1772596963.656241,1,hybrid_01,hybrid,25,approach,714,16,16.0000,500,300
363,6.865913,6.865729,1772596963.668788,1,hybrid_01,hybrid,25,approach,714,16,16.0000,500,300
364,6.878185,6.878001,1772596963.681060,1,hybrid_01,hybrid,25,approach,711,16,16.0000,500,300
365,6.890640,6.890456,1772596963.693515,1,hybrid_01,hybrid,25,approach,710,16,16.0000,500,300
366,6.909332,6.909148,1772596963.712207,1,hybrid_01,hybrid,25,approach,708,17,17.0000,500,300
367,6.921897,6.921713,1772596963.724771,1,hybrid_01,hybrid,25,approach,708,17,17.0000,500,300
368,6.934185,6.934001,1772596963.737060,1,hybrid_01,hybrid,25,approach,708,20,20.0000,500,300
369,6.946673,6.946489,1772596963.749548,1,hybrid_01,hybrid,25,approach,708,24,24.0000,500,300
370,6.959085,6.958901,1772596963.761960,1,hybrid_01,hybrid,25,approach,707,24,24.0000,500,300
371,7.176906,7.176722,1772596963.979781,1,hybrid_01,hybrid,25,contact,702,105,105.0000,500,300
372,7.189199,7.189015,1772596963.992074,1,hybrid_01,hybrid,25,contact,702,109,109.0000,500,300
373,7.201589,7.201405,1772596964.004464,1,hybrid_01,hybrid,25,contact,702,109,109.0000,500,300
374,7.214111,7.213927,1772596964.016986,1,hybrid_01,hybrid,25,contact,702,113,113.0000,500,300
375,7.226805,7.226621,1772596964.029680,1,hybrid_01,hybrid,25,contact,702,116,116.0000,500,300
376,7.239204,7.239020,1772596964.042079,1,hybrid_01,hybrid,25,contact,702,116,116.0000,500,300
377,7.251823,7.251639,1772596964.054698,1,hybrid_01,hybrid,25,contact,703,118,118.0000,500,300
378,7.264153,7.263970,1772596964.067028,1,hybrid_01,hybrid,25,contact,703,121,121.0000,500,300
379,7.276813,7.276629,1772596964.079688,1,hybrid_01,hybrid,25,contact,702,121,121.0000,500,300
380,7.289160,7.288976,1772596964.092035,1,hybrid_01,hybrid,25,contact,702,122,122.0000,500,300
381,7.301673,7.301489,1772596964.104548,1,hybrid_01,hybrid,25,contact,702,122,122.0000,500,300
382,7.314197,7.314014,1772596964.117072,1,hybrid_01,hybrid,25,contact,703,124,124.0000,500,300
383,7.326683,7.326499,1772596964.129558,1,hybrid_01,hybrid,25,contact,702,125,125.0000,500,300
384,7.339015,7.338831,1772596964.141889,1,hybrid_01,hybrid,25,contact,702,125,125.0000,500,300
385,7.351438,7.351254,1772596964.154313,1,hybrid_01,hybrid,25,contact,702,126,126.0000,500,300
386,7.363969,7.363785,1772596964.166844,1,hybrid_01,hybrid,25,contact,702,128,128.0000,500,300
387,7.376363,7.376179,1772596964.179238,1,hybrid_01,hybrid,25,contact,702,128,128.0000,500,300
388,7.389081,7.388898,1772596964.191956,1,hybrid_01,hybrid,25,contact,702,129,129.0000,500,300
389,7.401428,7.401244,1772596964.204303,1,hybrid_01,hybrid,25,contact,702,129,129.0000,500,300
390,7.414006,7.413822,1772596964.216880,1,hybrid_01,hybrid,25,contact,702,129,129.0000,500,300
391,7.426344,7.426160,1772596964.229218,1,hybrid_01,hybrid,25,contact,702,129,129.0000,500,300
392,7.463677,7.463493,1772596964.266551,1,hybrid_01,hybrid,25,contact,702,129,129.0000,500,300
393,7.488370,7.488186,1772596964.291245,1,hybrid_01,hybrid,25,contact,702,129,129.0000,500,300
394,7.500831,7.500647,1772596964.303706,1,hybrid_01,hybrid,25,contact,702,129,129.0000,500,300
395,7.525355,7.525171,1772596964.328230,1,hybrid_01,hybrid,25,contact,702,129,129.0000,500,300
396,7.537823,7.537639,1772596964.340697,1,hybrid_01,hybrid,25,contact,702,129,129.0000,500,300
397,7.550086,7.549902,1772596964.352961,1,hybrid_01,hybrid,25,contact,702,129,129.0000,500,300
398,7.562512,7.562328,1772596964.365387,1,hybrid_01,hybrid,25,contact,702,129,129.0000,500,300
399,7.587280,7.587096,1772596964.390154,1,hybrid_01,hybrid,25,contact,702,129,129.0000,500,300
400,7.611980,7.611796,1772596964.414854,1,hybrid_01,hybrid,25,contact,702,129,129.0000,500,300
401,7.636503,7.636319,1772596964.439378,1,hybrid_01,hybrid,25,contact,702,129,129.0000,500,300
402,7.648745,7.648561,1772596964.451620,1,hybrid_01,hybrid,25,contact,702,129,129.0000,500,300
403,7.660897,7.660713,1772596964.463771,1,hybrid_01,hybrid,25,contact,702,129,129.0000,500,300
404,7.673032,7.672849,1772596964.475907,1,hybrid_01,hybrid,25,contact,702,130,130.0000,500,300
405,7.685227,7.685043,1772596964.488101,1,hybrid_01,hybrid,25,contact,702,134,134.0000,500,300
406,7.697576,7.697392,1772596964.500451,1,hybrid_01,hybrid,25,contact,701,142,142.0000,500,300
407,7.722212,7.722029,1772596964.525087,1,hybrid_01,hybrid,25,contact,701,152,152.0000,500,300
408,7.734583,7.734399,1772596964.537457,1,hybrid_01,hybrid,25,contact,699,162,162.0000,500,300
409,7.759275,7.759091,1772596964.562150,1,hybrid_01,hybrid,25,contact,698,176,176.0000,500,300
410,7.783964,7.783780,1772596964.586839,1,hybrid_01,hybrid,25,contact,698,190,190.0000,500,300
411,7.796235,7.796052,1772596964.599110,1,hybrid_01,hybrid,25,contact,697,190,190.0000,500,300
412,7.808683,7.808499,1772596964.611557,1,hybrid_01,hybrid,25,contact,697,204,204.0000,500,300
413,7.820992,7.820808,1772596964.623866,1,hybrid_01,hybrid,25,contact,697,204,204.0000,500,300
414,7.833426,7.833242,1772596964.636301,1,hybrid_01,hybrid,25,contact,694,218,218.0000,500,300
415,7.845838,7.845655,1772596964.648713,1,hybrid_01,hybrid,25,contact,692,236,236.0000,500,300
416,7.870228,7.870044,1772596964.673102,1,hybrid_01,hybrid,25,contact,692,250,250.0000,500,300
417,7.882651,7.882467,1772596964.685526,1,hybrid_01,hybrid,25,contact,692,264,264.0000,500,300
418,7.907197,7.907013,1772596964.710072,1,hybrid_01,hybrid,25,contact,691,281,281.0000,500,300
419,7.919553,7.919370,1772596964.722428,1,hybrid_01,hybrid,25,contact,690,302,302.0000,500,300
420,7.944276,7.944092,1772596964.747151,1,hybrid_01,hybrid,25,contact,688,325,325.0000,500,300
421,7.968932,7.968748,1772596964.771807,1,hybrid_01,hybrid,25,contact,687,348,348.0000,500,300
422,7.981186,7.981002,1772596964.784060,1,hybrid_01,hybrid,25,contact,687,366,366.0000,500,300
423,7.993630,7.993446,1772596964.796504,1,hybrid_01,hybrid,25,contact,686,366,366.0000,500,300
424,8.005927,8.005743,1772596964.808802,1,hybrid_01,hybrid,25,contact,686,384,384.0000,500,300
425,8.018215,8.018031,1772596964.821089,1,hybrid_01,hybrid,25,contact,686,400,400.0000,500,300
426,8.043026,8.042842,1772596964.845901,1,hybrid_01,hybrid,25,contact,686,414,414.0000,500,300
427,8.067821,8.067637,1772596964.870696,1,hybrid_01,hybrid,25,contact,686,429,429.0000,500,300
428,8.092186,8.092002,1772596964.895060,1,hybrid_01,hybrid,25,contact,682,452,452.0000,500,300
429,8.104636,8.104452,1772596964.907511,1,hybrid_01,hybrid,25,contact,681,482,482.0000,500,300
430,8.129667,8.129483,1772596964.932541,1,hybrid_01,hybrid,25,contact,680,536,536.0000,500,300
431,8.154934,8.154750,1772596964.957808,1,hybrid_01,hybrid,25,contact,680,536,536.0000,500,300
432,8.167254,8.167071,1772596964.970129,1,hybrid_01,hybrid,25,contact,680,558,558.0000,500,300
433,8.179923,8.179740,1772596964.982798,1,hybrid_01,hybrid,25,contact,680,558,558.0000,500,300
434,8.192274,8.192090,1772596964.995149,1,hybrid_01,hybrid,25,contact,682,562,562.0000,500,300
435,8.204879,8.204695,1772596965.007753,1,hybrid_01,hybrid,25,contact,682,565,565.0000,500,300
436,8.217378,8.217194,1772596965.020253,1,hybrid_01,hybrid,25,contact,682,565,565.0000,500,300
437,8.230016,8.229832,1772596965.032890,1,hybrid_01,hybrid,25,contact,682,568,568.0000,500,300
438,8.242556,8.242372,1772596965.045430,1,hybrid_01,hybrid,25,contact,682,570,570.0000,500,300
439,8.255163,8.254979,1772596965.058038,1,hybrid_01,hybrid,25,contact,682,570,570.0000,500,300
440,8.267758,8.267574,1772596965.070633,1,hybrid_01,hybrid,25,contact,682,573,573.0000,500,300
441,8.280241,8.280057,1772596965.083116,1,hybrid_01,hybrid,25,contact,682,573,573.0000,500,300
442,8.292911,8.292727,1772596965.095785,1,hybrid_01,hybrid,25,contact,682,574,574.0000,500,300
443,8.305433,8.305250,1772596965.108308,1,hybrid_01,hybrid,25,contact,682,576,576.0000,500,300
444,8.318035,8.317852,1772596965.120910,1,hybrid_01,hybrid,25,contact,682,576,576.0000,500,300
445,8.330423,8.330239,1772596965.133298,1,hybrid_01,hybrid,25,contact,682,577,577.0000,500,300
446,8.343019,8.342835,1772596965.145894,1,hybrid_01,hybrid,25,contact,682,578,578.0000,500,300
447,8.355428,8.355245,1772596965.158303,1,hybrid_01,hybrid,25,contact,682,578,578.0000,500,300
448,8.368035,8.367851,1772596965.170910,1,hybrid_01,hybrid,25,contact,682,580,580.0000,500,300
449,8.380423,8.380239,1772596965.183297,1,hybrid_01,hybrid,25,contact,682,581,581.0000,500,300
450,8.393077,8.392893,1772596965.195952,1,hybrid_01,hybrid,25,contact,682,581,581.0000,500,300
451,8.405557,8.405373,1772596965.208431,1,hybrid_01,hybrid,25,contact,682,581,581.0000,500,300
452,8.418056,8.417872,1772596965.220931,1,hybrid_01,hybrid,25,contact,682,581,581.0000,500,300
453,8.430463,8.430280,1772596965.233338,1,hybrid_01,hybrid,25,contact,682,581,581.0000,500,300
454,8.442987,8.442803,1772596965.245862,1,hybrid_01,hybrid,25,contact,682,581,581.0000,500,300
455,8.455371,8.455187,1772596965.258246,1,hybrid_01,hybrid,25,contact,682,581,581.0000,500,300
456,8.467907,8.467723,1772596965.270782,1,hybrid_01,hybrid,25,contact,682,581,581.0000,500,300
457,8.493018,8.492834,1772596965.295893,1,hybrid_01,hybrid,25,contact,682,581,581.0000,500,300
458,8.505492,8.505308,1772596965.308366,1,hybrid_01,hybrid,25,contact,682,581,581.0000,500,300
459,8.517942,8.517759,1772596965.320817,1,hybrid_01,hybrid,25,contact,682,581,581.0000,500,300
460,8.530323,8.530139,1772596965.333198,1,hybrid_01,hybrid,25,contact,682,581,581.0000,500,300
461,8.542841,8.542657,1772596965.345716,1,hybrid_01,hybrid,25,contact,682,581,581.0000,500,300
462,8.555124,8.554941,1772596965.357999,1,hybrid_01,hybrid,25,contact,682,581,581.0000,500,300
463,8.567595,8.567411,1772596965.370470,1,hybrid_01,hybrid,25,contact,682,581,581.0000,500,300
464,8.579988,8.579804,1772596965.382863,1,hybrid_01,hybrid,25,contact,682,581,581.0000,500,300
465,8.592283,8.592099,1772596965.395158,1,hybrid_01,hybrid,25,contact,682,581,581.0000,500,300
466,8.604867,8.604683,1772596965.407741,1,hybrid_01,hybrid,25,contact,682,581,581.0000,500,300
467,8.617035,8.616852,1772596965.419910,1,hybrid_01,hybrid,25,contact,682,581,581.0000,500,300
468,8.629249,8.629066,1772596965.432124,1,hybrid_01,hybrid,25,contact,682,581,581.0000,500,300
469,8.641735,8.641552,1772596965.444610,1,hybrid_01,hybrid,25,contact,682,581,581.0000,500,300
470,8.653969,8.653785,1772596965.456844,1,hybrid_01,hybrid,25,contact,682,581,581.0000,500,300
471,8.666214,8.666030,1772596965.469089,1,hybrid_01,hybrid,25,contact,682,581,581.0000,500,300
472,8.678534,8.678350,1772596965.481409,1,hybrid_01,hybrid,25,contact,682,581,581.0000,500,300
473,8.703025,8.702841,1772596965.505899,1,hybrid_01,hybrid,25,contact,682,581,581.0000,500,300
474,8.715280,8.715096,1772596965.518155,1,hybrid_01,hybrid,25,contact,682,581,581.0000,500,300
475,8.727647,8.727464,1772596965.530522,1,hybrid_01,hybrid,25,contact,682,581,581.0000,500,300
476,8.752101,8.751917,1772596965.554976,1,hybrid_01,hybrid,25,contact,682,581,581.0000,500,300
477,8.764390,8.764207,1772596965.567265,1,hybrid_01,hybrid,25,contact,682,581,581.0000,500,300
478,8.776833,8.776649,1772596965.579708,1,hybrid_01,hybrid,25,contact,682,581,581.0000,500,300
479,8.788971,8.788788,1772596965.591846,1,hybrid_01,hybrid,25,contact,682,581,581.0000,500,300
480,8.801169,8.800985,1772596965.604044,1,hybrid_01,hybrid,25,contact,682,581,581.0000,500,300
481,8.813525,8.813342,1772596965.616400,1,hybrid_01,hybrid,25,contact,682,581,581.0000,500,300
482,8.825978,8.825794,1772596965.628853,1,hybrid_01,hybrid,25,contact,682,581,581.0000,500,300
483,8.850760,8.850576,1772596965.653635,1,hybrid_01,hybrid,25,contact,682,581,581.0000,500,300
484,8.862998,8.862814,1772596965.665873,1,hybrid_01,hybrid,25,contact,682,581,581.0000,500,300
485,8.875132,8.874948,1772596965.678007,1,hybrid_01,hybrid,25,contact,682,581,581.0000,500,300
486,8.887523,8.887339,1772596965.690398,1,hybrid_01,hybrid,25,contact,682,581,581.0000,500,300
487,8.899877,8.899694,1772596965.702752,1,hybrid_01,hybrid,25,contact,682,581,581.0000,500,300
488,8.912018,8.911834,1772596965.714892,1,hybrid_01,hybrid,25,contact,682,581,581.0000,500,300
489,8.924300,8.924116,1772596965.727174,1,hybrid_01,hybrid,25,contact,682,581,581.0000,500,300
490,8.936795,8.936611,1772596965.739670,1,hybrid_01,hybrid,25,contact,682,581,581.0000,500,300
491,8.948966,8.948782,1772596965.751841,1,hybrid_01,hybrid,25,contact,682,581,581.0000,500,300
492,8.961217,8.961033,1772596965.764092,1,hybrid_01,hybrid,25,contact,682,581,581.0000,500,300
493,8.973695,8.973512,1772596965.776570,1,hybrid_01,hybrid,25,contact,682,581,581.0000,500,300
494,8.985968,8.985784,1772596965.788843,1,hybrid_01,hybrid,25,contact,682,581,581.0000,500,300
495,8.998109,8.997925,1772596965.800983,1,hybrid_01,hybrid,25,contact,682,581,581.0000,500,300
496,9.010480,9.010296,1772596965.813355,1,hybrid_01,hybrid,25,contact,682,581,581.0000,500,300
497,9.022884,9.022701,1772596965.825759,1,hybrid_01,hybrid,25,contact,682,581,581.0000,500,300
498,9.035031,9.034848,1772596965.837906,1,hybrid_01,hybrid,25,contact,682,581,581.0000,500,300
499,9.047240,9.047056,1772596965.850115,1,hybrid_01,hybrid,25,contact,682,581,581.0000,500,300
500,9.059719,9.059535,1772596965.862594,1,hybrid_01,hybrid,25,contact,682,581,581.0000,500,300
501,9.071999,9.071815,1772596965.874874,1,hybrid_01,hybrid,25,contact,682,581,581.0000,500,300
502,9.084193,9.084009,1772596965.887068,1,hybrid_01,hybrid,25,contact,682,581,581.0000,500,300
503,9.096602,9.096418,1772596965.899477,1,hybrid_01,hybrid,25,contact,682,581,581.0000,500,300
504,9.108910,9.108726,1772596965.911785,1,hybrid_01,hybrid,25,contact,682,581,581.0000,500,300
505,9.121058,9.120875,1772596965.923933,1,hybrid_01,hybrid,25,contact,682,581,581.0000,500,300
506,9.133327,9.133143,1772596965.936201,1,hybrid_01,hybrid,25,contact,682,581,581.0000,500,300
507,9.145798,9.145614,1772596965.948673,1,hybrid_01,hybrid,25,contact,682,581,581.0000,500,300
508,9.157980,9.157796,1772596965.960855,1,hybrid_01,hybrid,25,contact,682,581,581.0000,500,300
509,9.170175,9.169992,1772596965.973050,1,hybrid_01,hybrid,25,contact,682,581,581.0000,500,300
510,9.182579,9.182395,1772596965.985453,1,hybrid_01,hybrid,25,contact,682,581,581.0000,500,300
511,9.194908,9.194725,1772596965.997783,1,hybrid_01,hybrid,25,contact,682,581,581.0000,500,300
512,9.207104,9.206920,1772596966.009978,1,hybrid_01,hybrid,25,contact,682,581,581.0000,500,300
513,9.219492,9.219308,1772596966.022366,1,hybrid_01,hybrid,25,contact,682,581,581.0000,500,300
514,9.231988,9.231805,1772596966.034863,1,hybrid_01,hybrid,25,contact,682,581,581.0000,500,300
515,9.244364,9.244180,1772596966.047239,1,hybrid_01,hybrid,25,contact,682,581,581.0000,500,300
516,9.256869,9.256685,1772596966.059743,1,hybrid_01,hybrid,25,contact,682,581,581.0000,500,300
517,9.269198,9.269014,1772596966.072073,1,hybrid_01,hybrid,25,contact,682,581,581.0000,500,300
518,9.281635,9.281451,1772596966.084510,1,hybrid_01,hybrid,25,contact,682,581,581.0000,500,300
519,9.294017,9.293834,1772596966.096892,1,hybrid_01,hybrid,25,contact,682,581,581.0000,500,300
520,9.306517,9.306334,1772596966.109392,1,hybrid_01,hybrid,25,contact,682,581,581.0000,500,300
521,9.318890,9.318707,1772596966.121765,1,hybrid_01,hybrid,25,contact,682,581,581.0000,500,300
522,9.331179,9.330995,1772596966.134054,1,hybrid_01,hybrid,25,contact,682,581,581.0000,500,300
523,9.343692,9.343508,1772596966.146568,1,hybrid_01,hybrid,25,contact,682,581,581.0000,500,300
524,9.356191,9.356007,1772596966.159065,1,hybrid_01,hybrid,25,contact,682,581,581.0000,500,300
525,9.368839,9.368655,1772596966.171713,1,hybrid_01,hybrid,25,contact,682,581,581.0000,500,300
526,9.381099,9.380916,1772596966.183974,1,hybrid_01,hybrid,25,contact,682,581,581.0000,500,300
527,9.393678,9.393494,1772596966.196553,1,hybrid_01,hybrid,25,contact,682,581,581.0000,500,300
528,9.406110,9.405926,1772596966.208984,1,hybrid_01,hybrid,25,contact,682,581,581.0000,500,300
529,9.418617,9.418433,1772596966.221492,1,hybrid_01,hybrid,25,contact,682,581,581.0000,500,300
530,9.431122,9.430938,1772596966.233997,1,hybrid_01,hybrid,25,contact,682,581,581.0000,500,300
531,9.443673,9.443489,1772596966.246547,1,hybrid_01,hybrid,25,contact,682,581,581.0000,500,300
532,9.456128,9.455944,1772596966.259002,1,hybrid_01,hybrid,25,contact,682,581,581.0000,500,300
533,9.468780,9.468596,1772596966.271654,1,hybrid_01,hybrid,25,contact,682,581,581.0000,500,300
534,9.481143,9.480959,1772596966.284017,1,hybrid_01,hybrid,25,contact,682,581,581.0000,500,300
535,9.493698,9.493514,1772596966.296573,1,hybrid_01,hybrid,25,contact,682,581,581.0000,500,300
536,9.506127,9.505943,1772596966.309002,1,hybrid_01,hybrid,25,contact,682,581,581.0000,500,300
537,9.518702,9.518518,1772596966.321576,1,hybrid_01,hybrid,25,contact,682,581,581.0000,500,300
538,9.531133,9.530949,1772596966.334008,1,hybrid_01,hybrid,25,contact,682,581,581.0000,500,300
539,9.543713,9.543529,1772596966.346587,1,hybrid_01,hybrid,25,contact,682,581,581.0000,500,300
540,9.556140,9.555956,1772596966.359015,1,hybrid_01,hybrid,25,contact,682,581,581.0000,500,300
541,9.568782,9.568598,1772596966.371656,1,hybrid_01,hybrid,25,contact,682,581,581.0000,500,300
542,9.581143,9.580959,1772596966.384018,1,hybrid_01,hybrid,25,contact,682,581,581.0000,500,300
543,9.593641,9.593457,1772596966.396515,1,hybrid_01,hybrid,25,contact,682,581,581.0000,500,300
544,9.605960,9.605776,1772596966.408834,1,hybrid_01,hybrid,25,contact,682,581,581.0000,500,300
545,9.618386,9.618202,1772596966.421261,1,hybrid_01,hybrid,25,contact,682,581,581.0000,500,300
546,9.630969,9.630785,1772596966.433844,1,hybrid_01,hybrid,25,contact,682,581,581.0000,500,300
547,9.643433,9.643249,1772596966.446307,1,hybrid_01,hybrid,25,contact,682,581,581.0000,500,300
548,9.655927,9.655743,1772596966.458802,1,hybrid_01,hybrid,25,contact,682,581,581.0000,500,300
549,9.668296,9.668112,1772596966.471171,1,hybrid_01,hybrid,25,contact,682,581,581.0000,500,300
550,9.680912,9.680729,1772596966.483787,1,hybrid_01,hybrid,25,contact,682,581,581.0000,500,300
551,9.693265,9.693081,1772596966.496140,1,hybrid_01,hybrid,25,contact,682,581,581.0000,500,300
552,9.705874,9.705691,1772596966.508749,1,hybrid_01,hybrid,25,contact,682,581,581.0000,500,300
553,9.718161,9.717977,1772596966.521036,1,hybrid_01,hybrid,25,contact,682,581,581.0000,500,300
554,9.730785,9.730601,1772596966.533660,1,hybrid_01,hybrid,25,contact,682,581,581.0000,500,300
555,9.743084,9.742900,1772596966.545959,1,hybrid_01,hybrid,25,contact,682,581,581.0000,500,300
556,9.755639,9.755455,1772596966.558513,1,hybrid_01,hybrid,25,contact,682,581,581.0000,500,300
557,9.768081,9.767897,1772596966.570956,1,hybrid_01,hybrid,25,contact,682,581,581.0000,500,300
558,9.780654,9.780470,1772596966.583529,1,hybrid_01,hybrid,25,contact,682,581,581.0000,500,300
559,9.793071,9.792887,1772596966.595945,1,hybrid_01,hybrid,25,contact,682,581,581.0000,500,300
560,9.805500,9.805316,1772596966.608374,1,hybrid_01,hybrid,25,contact,682,581,581.0000,500,300
561,9.817953,9.817769,1772596966.620827,1,hybrid_01,hybrid,25,contact,682,581,581.0000,500,300
562,9.830313,9.830129,1772596966.633188,1,hybrid_01,hybrid,25,contact,682,581,581.0000,500,300
563,9.842932,9.842749,1772596966.645807,1,hybrid_01,hybrid,25,contact,682,581,581.0000,500,300
564,9.855271,9.855087,1772596966.658146,1,hybrid_01,hybrid,25,contact,682,581,581.0000,500,300
565,9.867891,9.867707,1772596966.670766,1,hybrid_01,hybrid,25,contact,682,581,581.0000,500,300
566,9.880163,9.879979,1772596966.683038,1,hybrid_01,hybrid,25,contact,682,581,581.0000,500,300
567,9.892725,9.892541,1772596966.695599,1,hybrid_01,hybrid,25,contact,682,581,581.0000,500,300
568,9.905119,9.904935,1772596966.707993,1,hybrid_01,hybrid,25,contact,682,581,581.0000,500,300
569,9.917729,9.917545,1772596966.720604,1,hybrid_01,hybrid,25,contact,682,581,581.0000,500,300
570,9.930130,9.929946,1772596966.733005,1,hybrid_01,hybrid,25,contact,682,581,581.0000,500,300
571,9.942763,9.942580,1772596966.745638,1,hybrid_01,hybrid,25,contact,682,581,581.0000,500,300
572,9.955130,9.954946,1772596966.758005,1,hybrid_01,hybrid,25,contact,682,581,581.0000,500,300
